Workbook
Name Area_Desc.: 'Risk Assessment || Step 1'!$D$6
Name Area_Equipment: 'Risk Assessment || Step 1'!$C$6

Sheet Sheet1

Sheet Sikeston Compliance Items
A1: Safety & Health Standards | B1: REG | C1: U | D1: UA | E1: Affected Department | F1: Compliant | G1: Date Reviewed
E2: Co-Workers | F2: Y / N
A3: Unilever Framework Standards
A4: 020100 – Occupational health and safety policy VT FWS 01 | E4: Supply Leader, SHE, Everyone At Site | G4: 42741
A5: All Unilever organizations must prepare, document and update an appropriate occupational health and safety policy, which is consistent with the Unilever occupational health and safety policy. It must be signed by the current most senior line person on site and communicated to the whole organization. It must be reviewed annually. | F5: Y
A6: 020200 - Occupational health and safety risk assessment VT FWS 02 | E6: SHE, Site Leadership, Safety Committees | F6: Y | G6: 41848
A7: Each organization must identify the hazards arising from its operations, activities and services and determine those that may impact on occupational health and safety. Risk assessments relating to significant occupational health & safety risks must be documented and then kept under periodic review.
A8: 020300 - Legal and other requirements VT FWS 03 | E8: SHE, Site Leadership | F8: y | G8: 41849
A9: Each site must comply with all local health and safety legislation and with any Unilever or company standards. Compliance will be with whichever is the stricter of these and it must be documented.
A10: 020400 - Objectives and targets VT FWS 04 | E10: Supply Leader, SHE, SHE Council | F10: Y | G10: 41850
A11: Each organization must establish, document and maintain a set of specific occupational health and safety objectives and targets, relevant to its current significant occupational health and safety risks and consistent with its occupational health & safety policy
A12: 020500 - Occupational health and safety management program VT FWS 05 | E12: SHE, SHE Council, Safety Committees | F12: Y | G12: 41854
A13: Each organization must establish and maintain a written management program (improvement plan) for achieving its objectives and targets. The means, responsibilities and time-scales for achieving the organization’s objectives and targets must be clearly defined and adequate resources provided. The management program must be reviewed at regular and planned intervals and revised as appropriate to reflect changing circumstances.
A14: 020600 - Structure and responsibility VT FWS 06 | E14: SHE, Site Leadership, SHE Council, Safety Committees | F14: Y | G14: 42196
A15: Each Company must nominate a senior line manager responsible for occupational health and safety within the company operations and each site must nominate a senior manager on site with similar responsibilities. In addition, each site must be supported by a qualified safety adviser and occupational health adviser.
A16: 020700 - Training, awareness and competence VT FWS 07 | E16: SHEQ, SHE, Site Leadership | F16: Y | G16: 41945
A17: All employees must be given appropriate training covering safety induction, specific training (e.g. fork lift truck drivers), and safety awareness training. Such training must be regularly reviewed and updated.
A18: 020800 – Communication VT FWS 08 | E18: SHE, Site Leadership, SHE Council, Safety Committees | F18: Y | G18: 42297
A19: Each organization must periodically provide occupational health and safety information, as requested by Unilever, by its parent organization e.g. Business Group, or where legally required to do so e.g. by an external authority. There must be a system for receiving, documenting and responding to relevant communication from external interested parties.
A20: 020900 – Documentation VT FWS 09 | E20: SHE, Site Leadership | F20: Y | G20: 42297
A21: Each organization must establish and maintain an information system, in paper or electronic form, which:
A22: · Describes the core elements of the management system and their interaction,
A23: · provides direction to related documentation.
A24: 021000 - Document and data control VT FWS 10 | E24: SHE, Site Leadership | F24: Y | G24: 41846
A25: Each organization must establish and maintain systems for the management of all statutory and other critical documents and data relating to its occupational health and safety management system.
A26: 021100 – Operational control VT FWS 11 | E26: SHE, Site Leadership | F26: Y | G26: 41827
A27: Having established its significant occupational health and safety risks, each organization must identify those operations and activities where control measures need to be applied and implement methods of control.
A28: 021200 - Emergency preparedness and response VT FWS 12 | E28: SHE, Site Leadership, HRBP | F28: Y | G28: 41842
A29: Each organization must periodically identify and evaluate the hazards arising from its operations, activities and services to determine the potential for serious incidents or emergency situations and then establish and document comprehensive emergency plans to prevent or at least mitigate the likely consequences associated with each potentially serious incident or emergency situation. Where practicable (possible), each organization must periodically7 practice their emergency plans.
A30: 021300 – Performance measurement and monitoring VT FWS 13 | E30: SHE, Site Leadership | F30: Y | G30: 41843
A31: Each organization must establish and maintain systems to monitor and measure its occupational health and safety performance on a regular basis.
A32: 021400 - Accidents, incidents, non-conformances and corrective and preventive action | E32: SHE, Site Leadership, SHE Council, Everyone at the site | F32: Y | G32: 41857
A33: VT FWS 14
A34: Each organization must establish and maintain systems for
A35: · the reporting and investigation of:
A36: · occupational injuries,
A37: · occupational illnesses ,
A38: · non conformances
A39: · the reporting of serious accidents and incidents to Unilever,
A40: · taking action to mitigate any consequences arising from such events,
A41: · the initiation and completion of corrective and preventive actions,
A42: · Confirmation of the effectiveness of corrective and preventive actions taken.
A43: 021500 - Records and records management VT-FWS 15 | E43: HRBP, SHE | F43: Y | G43: 41857
A44: Each organization must establish and maintain a system for the identification, maintenance, storage and retrieval of occupational health and safety records, including the results of audits, performance reviews and management system reviews.
A45: 021600 - Occupational health and safety management system audits VT FWS 16 | E45: SHE, Site Leadership | F45: Y | G45: 41857
A46: Where required by its parent organization, each organization must ensure that its occupational health and safety management system is subjected to an independent audit , in order to determine whether or not the organization’s occupational health and safety management system:
A47: · Conforms to planned arrangements for occupational health and safety, including compliance with internal Unilever SHE Standards.
A48: · has been properly implemented and maintained,
A49: · is effective in meeting the organization’s policy and objectives
A50: 021700 - Management review VT FWS 17 | E50: SHE, Site Leadership, SHE Council | F50: Y | G50: 41857
A51: Each organization’s top management team must, at least annually, review the performance and consider the adequacy of its occupational health and safety management system to ensure its continuing suitability, adequacy and effectiveness.
A52: The management review must address the possible need for changes to policy, objectives and other elements of the occupational health and safety management system in the light of management system audits, changing circumstances and the commitment to continual improvement.
A53: U.S. regulations
A54: OSHA Poster – 29 CFR 1903 | E54: VT FWS 03 Legal Requirements
A55: The OSHA Poster "Safety and Health Protection on the Job" must be displayed in a prominent location were all employees are likely to see it. | E55: SH Facilitator, Everyone At Site | F55: Y
A56: ACCIDENT RECORDKEEPING & reporting- 29 CFR 1904 | E56: VT-SHM 01 Accident Recordkeeping & Reporting
E57: VT FWS 14 Accidents, incidents, non-conformances and corrective and preventive action
A59: Each location must maintain an OSHA Log and report all recordable injuries and illnesses on the OSHA 300 log. | E59: SHE | F59: Y | H59: Keep
A60: Temporary workers and contract labor under the direct supervision of the company must be included on the OSHA log. | E60: SHE | F60: Y
A61: Each recorded case on the log must have a unique number that corresponds to the supplementary record (OSHA 301 form) | E61: SHE | F61: Y
A62: The log must be maintained current to within 7 calendar days. | E62: SHE | F62: Y
A63: At the end of the year, the OSHA 300 log must be certified totaled, signed by the highest ranking company official on site, and dated. | E63: SHE, Supply Leader | F63: Y
A64: A summary of occupational injuries and illnesses (OSHA 300A) for the previous year must be posted in a prominent location during the months of February., March, and April. | E64: SHE | F64: Y | H64: Keep
A65: Days Away from Work and Days Restricted or Transferred will be recorded based on calendar days, including vacations, holidays and weekends. The days cap is 180 days. | E65: SHE | F65: Y
A66: Privacy cases shall not contain the employee’s name nor any description which would reveal the person’s identify. | E66: SHE | F66: Y
A67: Employee’s representatives shall be provided with access to accident records. | E67: SHE, HR | F67: Y
A68: The “Occupational Injury & Illness Survey” form must be promptly completed and returned to the address shown. | E68: SHE | F68: Y
A69: OSHA 300 Logs and OSHA 301 Forms must be maintained in a central file for 5 years. | E69: SHE | F69: Y
A70: All fatalities, heart attacks in the workplace and hospitalizations of 3 or more people must be reported to OSHA within 8 hours. | E70: SHE | F70: Y
A71: Each site must establish and fully implement an accident/incident reporting procedure. | E71: Everyone at site | F71: Y
A72: Each site must establish and fully implement an accident/incident investigation procedure. | E72: Everyone at site | F72: Y
A73: Each site must collate and keep records of their safety performance statistics as required by their management group. | E73: SHE | F73: Y
A74: All fatalities and serious injuries must be reported to Unilever. | E74: SHE | F74: Y
A75: All Occupational Health KPIs must be reported to the Unilever Medical Advisor on an annual basis. | E75: SHE | F75: Y
A76: All recordables must be reported to Corporate SHE Department and Business Unit VP | E76: SHE | F76: Y
... A78: All UNA sites know the procedures to follow if OSH Compliance Officers comes onsite to conduct an inspection. | E78: SHE, Site Leadership | F78: Y
A80: ACCESS TO EMPLOYEE EXPOSURE & MEDICAL RECORDS – 29 CFR 1910.1020 | E80: VT-FWS 15 Records And Records Management
A81: Upon first employment and annually thereafter, employees must be informed of their rights to access medical and exposure records along with the Company person responsible for maintaining and providing this information, 1910.1020 (g) (1). | E81: Everyone at site | F81: Y | H81: Keep
A82: Employee medical records must be maintained for the duration of employment plus 30 years, 1910.1020 (d) (1). | E82: HR | F82: Y
A83: Information on employee’s exposure to hazardous substances/chemicals must be maintained for at least 30 years, 1910.1020 (d) (1). | E83: HR | F83: Y
A84: Material Safety Data Sheets must be maintained for the duration of employment plus 30 years (are considered exposure records by OSHA), 1910.1020 (d) (1). | E84: SHE | F84: Y
A85: Medical Services and First Aid - 29 CFR 1910.151 | E85: Vt-SHM 13 Medical Services And First Aid
E86: VT FWS 12 Emergency Preparedness And Response
A87: In the absence of a hospital in close proximity, there should be at least one employee on each shift currently qualified/trained to render first aid and CPR, 1910.151 (b). | E87: SHE, HRBP, First-Aid Team | F87: Y
A88: First aid kits should be easily accessible to each work area and periodically inspected (monthly) and replenished, as needed, 1910.151 (b). | E88: SHE, HRBP, First-Aid Team | F88: Y
A89: First aiders shall be trained in the concerns of the site (e.g., ammonia hazards, sanitation chemicals). | E89: SHE, HRBP, First-Aid Team | F89: Y
A90: Eyewash and/or showers shall be provided for the quick drenching or flushing (15 minute supply) of the eyes and body in areas where corrosive liquids and/or materials are handled, and in other areas where there is potential for foreign bodies to enter the eyes, 1910.151 (c). | E90: Everyone at Site | F90: Y
A91: Signage marking the location of eyewash and/or showers shall be provided | E91: Everyone at Site | F91: Y
A92: Eyewash and/or showers shall be inspected monthly. Inspections shall be documented, ANSI. | E92: Everyone at Site | F92: Y
A93: Emergency shower and eyewash shall have tepid water, ANSI | E93: Everyone at Site | F93: Y
A94: Emergency shower and eyewash shall be located no more than 10 seconds from the area of risk (egg. battery charging area, corrosive chemical use / storage area). | E94: Everyone at Site | F94: Y
A95: At least two people per shift shall be trained in First Aid | E95: SHE, HRBP, First-Aid Team | F95: Y
A96: Each UA site will have trained personnel in the use of Automatic External Defibrillators (AED). | E96: SHE, HRBP, First-Aid Team | F96: Y
A97: Each UA site shall have AEDs located no more than 3 minutes from any location. | E97: SHE, HRBP, First-Aid Team | F97: Y
A98: First aiders shall not wear latex gloves to prevent sensitization and treating latex allergic individuals. | E98: SHE, HRBP, First-Aid Team | F98: Y
A99: BLOODBORNE PATHOGENS EXPOSURE CONTROL - 29 CFR 1910.1030 | E99: VT-SHM 19 Blood borne Pathogens
A100: The facility must develop a BBP Exposure Control Plan that includes the following, 1910.1030 (c) (1) and (2): | E100: SHE, First-Aid Team | F100: Y
A101: (a) Identification of job classifications where there is exposure to blood and other potentially infectious materials.
A102: (b) Identification of sharps onsite.
A103: (c) A schedule of how and when the provisions of the BBP standard will be implemented.
...

Sheet Hammond Compliance Items 
A2: Factory Safety Compliance Calender
A3: Category | B3: Description | D3: Fact | E3: Regulation (Standards - 29 CFR) | F3: Category | G3: Frequency | H3: R | I3: A | J3: C | K3: I
A4: Reactive | B4: Safety Policy review | D4: UL Requirment | E4: - | F4: Document | G4: Yearly | H4: SHE - Mgr | I4: Fact Dir | J4: Corp SHE | K4: All Emp, Visitors, Contractors
B5: Compliance with Legal requirements | D5: UL Requirment | E5: - | F5: Document | G5: Various | H5: SHE - Mgr | I5: Fact Dir | J5: Corp SHE | K5: All Emp, Visitors, Contractors
B6: PITs (Forklifts, Scissor Lifts, Aerial Boom Lifts) | D6: Legal Requirment | E6: 1910.178 | F6: Inspections | G6: Weekly | H6: Operators | I6: Oper Mgr | J6: SHE Mgr | K6: All Emp, Visitors, Contractors
B7: Battery Operated Pallet Trucks (Worksaver) | D7: Legal Requirment | E7: 1910.178 | F7: Inspections | G7: Weekly | H7: Operators | I7: Oper Mgr | J7: SHE Mgr | K7: All Emp, Visitors, Contractors
B8: Alarms Connected to Sprinkler Systems | D8: Legal Requirment | E8: 1910.164 | F8: Inspections | G8: Quarterly | H8: Operators | I8: Oper Mgr | J8: SHE Mgr | K8: All Emp, Visitors, Contractors
B9: Power Tools, Compressed Air for Cleaning | D9: Legal Requirment | E9: 1910.242(b) | F9: Inspections | G9: Quarterly | H9: Operators | I9: Oper Mgr | J9: SHE Mgr | K9: All Emp, Visitors, Contractors
B10: Docks | D10: Legal Requirment | E10: 1910.26 | F10: Inspections | G10: Monthly | H10: Operators | I10: Oper Mgr | J10: SHE Mgr | K10: All Emp, Visitors, Contractors
B11: E- Lights | D11: Legal Requirment | E11: 1910.37(a)(4) | F11: Inspections | G11: Monthly | H11: Operators | I11: Oper Mgr | J11: SHE Mgr | K11: All Emp, Visitors, Contractors
B12: Eye Wash Stations | D12: Legal Requirment | E12: 1910.151 | F12: Inspections | G12: Monthly | H12: Operators | I12: Oper Mgr | J12: SHE Mgr | K12: All Emp, Visitors, Contractors
B13: Fire Extinguishers | D13: Legal Requirment | E13: 1910.16, 1910.157 | F13: Inspections | G13: Monthly | H13: Operators | I13: Oper Mgr | J13: SHE Mgr | K13: All Emp, Visitors, Contractors
B14: Hoist Inspections (I Beams, NBS, Certified Anchor Points) | D14: Legal Requirment | E14: 1910.179 | F14: Inspections | G14: Monthly | H14: Operators | I14: Oper Mgr | J14: SHE Mgr | K14: All Emp, Visitors, Contractors
B15: Ladders | D15: Legal Requirment | E15: 1910.23, 1910.25, SHE Standard | F15: Inspections | G15: Annually | H15: Operators | I15: Oper Mgr | J15: SHE Mgr | K15: All Emp, Visitors, Contractors
B16: Spill Kits, First Aid Kits, AEDs | D16: Legal Requirment | E16: 1910.120, 1910.151(b) | F16: Inspections | G16: Monthly | H16: Operators | I16: Oper Mgr | J16: SHE Mgr | K16: All Emp, Visitors, Contractors
B17: Electrical Gloves (External) | D17: Legal Requirment | E17: 1910.137 | F17: Inspections | G17: Biannually | H17: Operators | I17: Oper Mgr | J17: SHE Mgr | K17: All Emp, Visitors, Contractors
B18: Gas Monitors (for confined spaces)- External | D18: Legal Requirment | E18: 1910.146(d)(4) | F18: Inspections | G18: Annually | H18: Operators | I18: Oper Mgr | J18: SHE Mgr | K18: All Emp, Visitors, Contractors
B19: Fall Protection (Harness, Anchor Strap, Retractable, Retrieval Device)- External | D19: Legal Requirment | E19: 1910.140(c)(17), 1910.146(k) | F19: Inspections | G19: Annually | H19: Operators | I19: Oper Mgr | J19: SHE Mgr | K19: All Emp, Visitors, Contractors
B20: Hoist Testing (External) | D20: Legal Requirment | E20: 1910.179 | F20: Inspections | G20: Annually | H20: Operators | I20: Oper Mgr | J20: SHE Mgr | K20: All Emp, Visitors, Contractors
B21: Emergency Alarm Testing | D21: Legal Requirment | E21: 1910.165 | F21: Inspections | G21: Annually | H21: Operators | I21: Oper Mgr | J21: SHE Mgr | K21: All Emp, Visitors, Contractors
B22: Fire Fighting System (Sprinklers Main Drain Flow Test, Extinguishers, Hose Reels, Alarms to Smoke/Heat Detectors, FM-200, etc.) | D22: Legal Requirment | E22: 1910.159, 1910.164, 1910.160, 1910.157 | F22: Inspections | G22: Annually | H22: Operators | I22: Oper Mgr | J22: SHE Mgr | K22: All Emp, Visitors, Contractors
B23: Diesel Pump Annual Flow Test- External | D23: Legal Requirment | E23: NFPA 25 | F23: Inspections | G23: Annually | H23: Operators | I23: Oper Mgr | J23: SHE Mgr | K23: All Emp, Visitors, Contractors
B24: Critical Pressure Equipment (CPE) and Safety Relief Valves (SRV) | D24: Legal Requirment | E24: ASME Section VIII, ASME BPV Code | F24: Inspections | G24: Annually | H24: Operators | I24: Oper Mgr | J24: SHE Mgr | K24: All Emp, Visitors, Contractors
B25: Elevator Certificates (External) | D25: Legal Requirment | E25: 1917.116 | F25: Inspections | G25: Annually | H25: Operators | I25: Oper Mgr | J25: SHE Mgr | K25: All Emp, Visitors, Contractors
B26: Dock Levelers | D26: Legal Requirment | E26: ANSI standard MH30.1-2000 | F26: Inspections | G26: Annually | H26: Operators | I26: Oper Mgr | J26: SHE Mgr | K26: All Emp, Visitors, Contractors
B27: Outdoor Access Ladders?? | D27: Legal Requirment | E27: 1910.28(b)(10) | F27: Inspections | G27: Annually | H27: Operators | I27: Oper Mgr | J27: SHE Mgr | K27: All Emp, Visitors, Contractors
B28: Audiogram Testing | D28: Legal Requirment | E28: 1910.95 | F28: Inspections | G28: Annually | H28: Operators | I28: Oper Mgr | J28: SHE Mgr | K28: All Emp, Visitors, Contractors
B29: Thermography (Infrared Electrical Inspections) | D29: Legal Requirment | E29: NFPA 70B 11.17.5 | F29: Inspections | G29: Annually | H29: Operators | I29: Oper Mgr | J29: SHE Mgr | K29: All Emp, Visitors, Contractors
B30: OSHA 300 Log, OSHA Poster | D30: Legal Requirment | E30: 1903, 1904 | F30: Communications | G30: Annually | H30: Operators | I30: Oper Mgr | J30: SHE Mgr | K30: All Emp, Visitors, Contractors
B31: Written Emergency Response Plan | D31: Legal Requirment | E31: 1910.120 (q)(1) & (2), 1910.38 | F31: Document | G31: Annually | H31: Operators | I31: Oper Mgr | J31: SHE Mgr | K31: All Emp, Visitors, Contractors
B32: Active Aggressor | D32: Legal Requirment | E32: 1910.38 | F32: Drills | G32: Every Two Years | H32: Operators | I32: Oper Mgr | J32: SHE Mgr | K32: All Emp, Visitors, Contractors
B33: External Evac (Fire, Major Spill/Release) | D33: Legal Requirment | E33: 1910.38 | F33: Drills | G33: Annually | H33: Operators | I33: Oper Mgr | J33: SHE Mgr | K33: All Emp, Visitors, Contractors
B34: Fire Department Walk Thorough (Include Rescue) | D34: Legal Requirment | E34: 1910.38 | F34: Drills | G34: Annually | H34: Operators | I34: Oper Mgr | J34: SHE Mgr | K34: All Emp, Visitors, Contractors
B35: Police Department Walk Thorough (Include Active shooter Training) | D35: Legal Requirment | E35: 1910.38 | F35: Drills | G35: Annually | H35: Operators | I35: Oper Mgr | J35: SHE Mgr | K35: All Emp, Visitors, Contractors
B36: Shelter in Place (Inclemete Weather) | D36: Legal Requirment | E36: 1910.38 | F36: Drills | G36: Annually | H36: Operators | I36: Oper Mgr | J36: SHE Mgr | K36: All Emp, Visitors, Contractors
B37: Access to Medical Records | D37: Legal Requirment | E37: 1910.102 | F37: Trainings | G37: Annually | H37: Operators | I37: Oper Mgr | J37: SHE Mgr | K37: All Emp, Visitors, Contractors
B38: Electrical Safety | D38: Legal Requirment | E38: 1910.331 | F38: Trainings | G38: Annually | H38: Operators | I38: Oper Mgr | J38: SHE Mgr | K38: All Emp, Visitors, Contractors
B39: Emergency Action Plan | D39: Legal Requirment | E39: 1910.38, 1910.165 | F39: Trainings | G39: Annually | H39: Operators | I39: Oper Mgr | J39: SHE Mgr | K39: All Emp, Visitors, Contractors
B40: Hazardous Energy Control | D40: Legal Requirment | E40: 1910.147 | F40: Trainings | G40: Annually | H40: Operators | I40: Oper Mgr | J40: SHE Mgr | K40: All Emp, Visitors, Contractors
B41: Hazcom & Hazardous Material (SDS Access, Secondary Labeling, HFR Meaning) | D41: Legal Requirment | E41: 1910.12 | F41: Trainings | G41: Annually | H41: Operators | I41: Oper Mgr | J41: SHE Mgr | K41: All Emp, Visitors, Contractors
B42: Medical Services and First Aid | D42: Legal Requirment | E42: 1910.151 | F42: Trainings | G42: Annually | H42: Operators | I42: Oper Mgr | J42: SHE Mgr | K42: All Emp, Visitors, Contractors
B43: Occupational Exposure to Bloodborne Pathogens | D43: Legal Requirment | E43: 1910.103 | F43: Trainings | G43: Annually | H43: Operators | I43: Oper Mgr | J43: SHE Mgr | K43: All Emp, Visitors, Contractors
B44: Occupational Noise Exposure | D44: Legal Requirment | E44: 1910.95 (k) | F44: Trainings | G44: Annually | H44: Operators | I44: Oper Mgr | J44: SHE Mgr | K44: All Emp, Visitors, Contractors
B45: Permit to Work | D45: Legal Requirment | E45: 1911.147, 1926.500 - .503 | F45: Trainings | G45: Annually | H45: Operators | I45: Oper Mgr | J45: SHE Mgr | K45: All Emp, Visitors, Contractors
B46: Personal Protective Equipment (PPE) | D46: Legal Requirment | E46: 1910.132 – 138 | F46: Trainings | G46: Annually | H46: Operators | I46: Oper Mgr | J46: SHE Mgr | K46: All Emp, Visitors, Contractors
B47: Portable Fire Extinguishers | D47: Legal Requirment | E47: 1910.38, 1910.157 | F47: Trainings | G47: Annually | H47: Operators | I47: Oper Mgr | J47: SHE Mgr | K47: All Emp, Visitors, Contractors
B48: Respiratory Protection | D48: Legal Requirment | E48: 1910.134 | F48: Trainings | G48: Annually | H48: Operators | I48: Oper Mgr | J48: SHE Mgr | K48: All Emp, Visitors, Contractors
B49: Toxic and Hazardous Substances (Asbestos, Tridium, Lead) | D49: Legal Requirment | E49: 1910.1001, 1910.1025, 10 CFR Part 31.5, 1910.102 | F49: Trainings | G49: Annually | H49: Operators | I49: Oper Mgr | J49: SHE Mgr | K49: All Emp, Visitors, Contractors
B50: Portable and Transportable Electrical Equipment Outside Offices | D50: Legal Requirment | E50: 1910.331 | F50: Inspections | G50: Every Two Years | H50: Operators | I50: Oper Mgr | J50: SHE Mgr | K50: All Emp, Visitors, Contractors
B51: Fire Sprinkler Inspector Test Connection Opened | D51: Legal Requirment | E51: 1910.159 | F51: Certifications | G51: Every Two Years | H51: Operators | I51: Oper Mgr | J51: SHE Mgr | K51: All Emp, Visitors, Contractors
B52: Live Electrical Line Tools (External) | D52: Legal Requirment | E52: 1910.269(j)(2) | F52: Certifications | G52: Every Two Years | H52: Operators | I52: Oper Mgr | J52: SHE Mgr | K52: All Emp, Visitors, Contractors
B53: Portable and Transportable Electrical Equipment Inside Offices | D53: Legal Requirment | E53: 1910.331 | F53: Inspections | G53: Every Three Years | H53: Operators | I53: Oper Mgr | J53: SHE Mgr | K53: All Emp, Visitors, Contractors
B54: PITs (Forklifts, Scissor Lifts, Worksavers) | D54: Legal Requirment | E54: 1910.178 | F54: Trainings | G54: Every Three Years | H54: Operators | I54: Oper Mgr | J54: SHE Mgr | K54: All Emp, Visitors, Contractors
B55: Aerial Boom Lifts | D55: Legal Requirment | E55: 1910.178 | F55: Trainings | G55: Every Three Years | H55: Operators | I55: Oper Mgr | J55: SHE Mgr | K55: All Emp, Visitors, Contractors
B56: DOT Training | D56: Legal Requirment | E56: 172.704 | F56: Trainings | G56: Every Three Years | H56: Operators | I56: Oper Mgr | J56: SHE Mgr | K56: All Emp, Visitors, Contractors
B57: Process Safety Management | D57: Legal Requirment | E57: 1910.119 | F57: Trainings | G57: Every Three Years | H57: Operators | I57: Oper Mgr | J57: SHE Mgr | K57: All Emp, Visitors, Contractors
B58: Moveable Electrical Equipment | D58: Legal Requirment | E58: 1910.331 | F58: Inspections | G58: Every Five Years | H58: Operators | I58: Oper Mgr | J58: SHE Mgr | K58: All Emp, Visitors, Contractors
B59: Confined Space Training | D59: Legal Requirment | E59: 1910.146(g) | F59: Trainings | G59: As Needed | H59: Operators | I59: Oper Mgr | J59: SHE Mgr | K59: All Emp, Visitors, Contractors
B60: Fall Protection/ Work at Heights | D60: Legal Requirment | E60: 1926.500 - .503, 1910.30, UL Standard | F60: Trainings | G60: Every Three Years | H60: Operators | I60: Oper Mgr | J60: SHE Mgr | K60: All Emp, Visitors, Contractors
B61: Toxic and Hazardous Substance Testing (Asbestos, Tridium, Lead, Legionella, Dust, TiO2) | D61: Legal Requirment | E61: 1910.102 | F61: Trainings | G61: As Needed | H61: Operators | I61: Oper Mgr | J61: SHE Mgr | K61: All Emp, Visitors, Contractors
B62: PIT Refresher Training | D62: Legal Requirment | E62: 1910.178 | F62: Upon Incident or Need | G62: - | H62: Operators | I62: Oper Mgr | J62: SHE Mgr | K62: All Emp, Visitors, Contractors
B63: Compliance with company standards | H63: Operators | I63: Oper Mgr | J63: SHE Mgr | K63: All Emp, Visitors, Contractors
B64: Legal and company changes tracking | D64: Legal Requirment | G64: As Needed | H64: Operators | I64: Oper Mgr | J64: SHE Mgr | K64: All Emp, Visitors, Contractors
B65: CSHEC | D65: UL Requirment | E65: Global SHE Standard | F65: Meetings | G65: Monthly | H65: Operators | I65: Oper Mgr | J65: SHE Mgr | K65: All Emp, Visitors, Contractors
B66: SPR Reporting | D66: UL Requirment | E66: Global SHE Standard | F66: Reporting | G66: Monthly | H66: Operators | I66: Oper Mgr | J66: SHE Mgr | K66: All Emp, Visitors, Contractors
B67: LOTO Audits? | D67: UL Requirment | E67: NA SHE Standard | F67: Inspections | G67: Annually | H67: Operators | I67: Oper Mgr | J67: SHE Mgr | K67: All Emp, Visitors, Contractors
B68: Machine Guarding Audits | D68: UL Requirment | E68: NA SHE Standard | F68: Inspections | G68: Annually | H68: Operators | I68: Oper Mgr | J68: SHE Mgr | K68: All Emp, Visitors, Contractors
B69: PAR Reporting | D69: UL Requirment | E69: Global SHE Standard | F69: Reporting | G69: Annually | H69: Operators | I69: Oper Mgr | J69: SHE Mgr | K69: All Emp, Visitors, Contractors
B70: Incident Reporting | D70: UL Requirment | E70: Global SHE Standard | F70: Upon Occurance | G70: - | H70: Operators | I70: Oper Mgr | J70: SHE Mgr | K70: All Emp, Visitors, Contractors
B71: Study and application of technical references | D71: UL Requirment | E71: Global SHE Standard | F71: Certifications | G71: As Needed | H71: Operators | I71: Oper Mgr | J71: SHE Mgr | K71: All Emp, Visitors, Contractors
B72: Safety Matrix | D72: UL Requirment | E72: Global SHE Standard | F72: Certifications | G72: Monthly | H72: Operators | I72: Oper Mgr | J72: SHE Mgr | K72: All Emp, Visitors, Contractors
B73: Emergency Preparedness | C73: Developing of procedure | D73: UL Requirment | E73: Global SHE Standard | F73: Inspections | G73: Monthly | H73: Operators | I73: Oper Mgr | J73: SHE Mgr | K73: All Emp, Visitors, Contractors
C74: Equipment inspection | D74: UL Requirment | E74: Global SHE Standard | F74: Trainings | G74: Annually | H74: Operators | I74: Oper Mgr | J74: SHE Mgr | K74: All Emp, Visitors, Contractors
C75: Training | D75: UL Requirment | E75: Global SHE Standard | F75: Trainings | G75: Annually | H75: Operators | I75: Oper Mgr | J75: SHE Mgr | K75: All Emp, Visitors, Contractors
C76: Drills | D76: UL Requirment | E76: Global SHE Standard | F76: Trainings | G76: Annually | H76: Operators | I76: Oper Mgr | J76: SHE Mgr | K76: All Emp, Visitors, Contractors
B77: Reporting of injury incidents | D77: UL Requirment | E77: Global SHE Standard | F77: Trainings | G77: As Needed | H77: Operators | I77: Oper Mgr | J77: SHE Mgr | K77: All Emp, Visitors, Contractors
B78: Accident Investigation (Root Cause Analysis) | D78: UL Requirment | E78: Global SHE Standard | F78: Inspections | G78: Monthly | H78: Operators | I78: Oper Mgr | J78: SHE Mgr | K78: All Emp, Visitors, Contractors
A79: PREVENTIVE | B79: Countermeasures & expansion | D79: UL Requirment | E79: Global SHE Standard | F79: Trainings | G79: Monthly | H79: Operators | I79: Oper Mgr | J79: SHE Mgr | K79: All Emp, Visitors, Contractors
B80: Safety Responsibility Matrix review | D80: UL Requirment | E80: Global SHE Standard | F80: Trainings | G80: Annually | H80: Operators | I80: Oper Mgr | J80: SHE Mgr | K80: All Emp, Visitors, Contractors
B81: Reporting of non - injury incidents | D81: UL Requirment | E81: Global SHE Standard | F81: Trainings | G81: Annually | H81: Operators | I81: Oper Mgr | J81: SHE Mgr | K81: All Emp, Visitors, Contractors
B82: Safety training system | D82: UL Requirment | E82: Global SHE Standard | F82: Upon Incident or Need | G82: Annually | H82: Operators | I82: Oper Mgr | J82: SHE Mgr | K82: All Emp, Visitors, Contractors
B83: Process Safety compliance | D83: UL Requirment | E83: Global SHE Standard | G83: As Needed | H83: Operators | I83: Oper Mgr | J83: SHE Mgr | K83: All Emp, Visitors, Contractors
B84: Personal Protective Equipment | C84: Definiton & Selecting | D84: UL Requirment | E84: Global SHE Standard | G84: Monthly | H84: Operators | I84: Oper Mgr | J84: SHE Mgr | K84: All Emp, Visitors, Contractors
C85: Budgeting | D85: UL Requirment | E85: Global SHE Standard | F85: Meetings | G85: Monthly | H85: Operators | I85: Oper Mgr | J85: SHE Mgr | K85: All Emp, Visitors, Contractors
C86: Procurement | D86: UL Requirment | E86: Global SHE Standard | F86: Reporting | G86: Annually | H86: Operators | I86: Oper Mgr | J86: SHE Mgr | K86: All Emp, Visitors, Contractors
C87: Stock and Distribution | D87: UL Requirment | E87: Global SHE Standard | F87: Inspections | G87: Annually | H87: Operators | I87: Oper Mgr | J87: SHE Mgr | K87: All Emp, Visitors, Contractors
C88: Check of conditions | D88: UL Requirment | E88: Global SHE Standard | F88: Inspections | G88: Annually | H88: Operators | I88: Oper Mgr | J88: SHE Mgr | K88: All Emp, Visitors, Contractors
C89: Check of proper use | D89: UL Requirment | E89: Global SHE Standard | F89: Reporting | G89: As Needed | H89: Operators | I89: Oper Mgr | J89: SHE Mgr | K89: All Emp, Visitors, Contractors
B90: Risk Management | C90: Analysis Working Areas | D90: UL Requirment | E90: Global SHE Standard | F90: Upon Occurance | G90: Monthly | H90: Operators | I90: Oper Mgr | J90: SHE Mgr | K90: All Emp, Visitors, Contractors
C91: Creating Action Plans | D91: UL Requirment | E91: Global SHE Standard | F91: Certifications | G91: Monthly | H91: Operators | I91: Oper Mgr | J91: SHE Mgr | K91: All Emp, Visitors, Contractors
C92: Monitoring | D92: UL Requirment | E92: Global SHE Standard | F92: Certifications | G92: Annually | H92: Operators | I92: Oper Mgr | J92: SHE Mgr | K92: All Emp, Visitors, Contractors
C93: Process Safety | D93: UL Requirment | E93: Global SHE Standard | F93: Inspections | G93: Annually | H93: Operators | I93: Oper Mgr | J93: SHE Mgr | K93: All Emp, Visitors, Contractors
C94: Chemical Safety | D94: UL Requirment | E94: Global SHE Standard | F94: Trainings | G94: Annually | H94: Operators | I94: Oper Mgr | J94: SHE Mgr | K94: All Emp, Visitors, Contractors
C95: Critical Pressure Equipment | D95: UL Requirment | E95: Global SHE Standard | F95: Trainings | G95: As Needed | H95: Operators | I95: Oper Mgr | J95: SHE Mgr | K95: All Emp, Visitors, Contractors
C96: Electrical Safety | D96: UL Requirment | E96: Global SHE Standard | F96: Trainings | G96: Monthly | H96: Operators | I96: Oper Mgr | J96: SHE Mgr | K96: All Emp, Visitors, Contractors
C97: Machinery Safety | D97: UL Requirment | E97: Global SHE Standard | F97: Trainings | G97: Monthly | H97: Operators | I97: Oper Mgr | J97: SHE Mgr | K97: All Emp, Visitors, Contractors
C98: Powered Inductrial vehicles | D98: UL Requirment | E98: Global SHE Standard | F98: Inspections | G98: Annually | H98: Operators | I98: Oper Mgr | J98: SHE Mgr | K98: All Emp, Visitors, Contractors
B99: Contractor Management | C99: Planning | D99: UL Requirment | E99: Global SHE Standard | F99: Trainings | G99: Annually | H99: Operators | I99: Oper Mgr | J99: SHE Mgr | K99: All Emp, Visitors, Contractors
C100: Selecting Company | D100: UL Requirment | E100: Global SHE Standard | F100: Trainings | G100: Annually | H100: Operators | I100: Oper Mgr | J100: SHE Mgr | K100: All Emp, Visitors, Contractors
C101: Trainings | D101: UL Requirment | E101: Global SHE Standard | F101: Trainings | G101: As Needed | H101: Operators | I101: Oper Mgr | J101: SHE Mgr | K101: All Emp, Visitors, Contractors
...

Sheet |NOTES|
A2: - | B2: **Important** do not download or save this workbook to another location. If you have to download a copy, make sure any updates you make are reflected in this LIVE working copy on Sharepoint.
A4: - | B4: Most of this workbook is free text input, except where noted, as below:
C5: Fields with this color marking above are drop down fields. Please select a value from the drop down box, instead of typing.
C6: Fields with this color marking above are auto-calculated fields. These will auto-populate values based on data entered in other cells. These fields are locked & non-editable.
A8: - | B8: Use "Step 1 || What to look for" sheet to determine non-compliance items & what control improvments should look like.
A9: - | B9: Use "Risk Matrix" sheet to determine probability & severity for Steps 3/4 of assessment.

Sheet |EXAMPLES|
A23: Risk Assessment || Step 3
A56: Risk Assessment || Step 4

Sheet |Drop Down Control|
A1: Drop Down Control List for "Non-Compliance Category" Field | C1: Drop Down Control List for "Area" Field | E1: Drop Down Control List for "Machine" Field
A2: Accident/Incident Reporting | C2: Air Compressor Room | E2: Carton Closer
A3: Walking Working Surfaces | C3: Battery Charging Areas | E3: Depositer
A4: Emergency Response/Fire Protection | C4: Battery Charging Areas - 11 | E4: Freezer 1
A5: Hazardous Material | C5: Battery Charging Areas - 36 | E5: HSW
A6: PPE | C6: Boiler Room | E6: Harvester, Mould Table & Paper Magazine
A7: Material Handling /Warehouse Safety | C7: Minto Building | E7: Robotic Case Packer
A8: Machine Guarding, LOTO | C8: CANI Cleaning Chemicals Storage Area | E8: Stick Inserter
A9: Health Physical | C9: Compounding | E9: Suck Out, Taper
A10: Health Biological | C10: Compounding Electrical Room | E10: Carton Former
A11: Health Chemical | C11: Fragrance | E11: Filler 1
A12: Hazardous Building Material | C12: Global Containment | E12: Filler 2
... A19: Risk Management/Risk Assessments | C19: Stick 1 | E19: Diverter
C20: Stick 2 | E20: Fruit Feeder
C21: Spiral | E21: PINT Line
C22: Bar Line 2 | E22: GMF
C23: Bar Line 4 | E23: Case Packer
C24: Mix Room 1 Batching | E24: Choc Melt Tanks
C25: Mix Room 2 Batching | E25: Dipping System
C26: Ammonia Refrigeration Plant | E26: Extruders
C27: Aging Tank Farm 1 | E27: Label Applicator
C28: Aging Tank Farm 2 | E28: Nose Dispenser
C29: Ambient Room Tanks | E29: SAM
C30: Cream & Rework Tanks | E30: Stick Inserters
C31: De-Packing & Compactor Area | E31: Rotory Freezer
... C39: Engineering & Maintenace | E39: Mix 2 Batching Tank
C40: Maintenance Work Shop 1
C41: Maintenace Work Shop 2

Sheet Risk Assessment || Step 1
G1: Completed by: | H1: SHE Lead - Madhusanka Rathnayake
G2: Date of Assessment: | H2: 45822
A3: Step 1: Compliance Risk Assessment | J3: Action Planning & Status
O4: Do not paste over
C5: Drop-down Field | E5: Drop-down Field | H5: Drop-down Field | N5: Drop-down Field | O5: Auto-Calc Field
C6: Area | D6: Description of Area | E6: Non-Compliance Category | F6: Non-Compliance Description | G6: Standard Reference | H6: Status Ranking | J6: Description of recommended control improvements | K6: Owner: | L6: Target Completion Date | M6: Completion Date | N6: Capex Required? | O6: Status | P6: Notes:
C7: Minto Factory | D7: Occupancy Certificate | E7: Building Occupancy | F7: No Records of Municipal Council approved OC | G7: NSW WHS | H7: Unsafe Condition/Documentation - Low Risk | J7: Obtain OC | K7: Kapildev Sharma | L7: 45899 | N7: No
C8: Minto Factory | D8: Pressure Vessel | E8: Process Safety | F8: Pressure vessel due in several areas | G8: NSW WHS | H8: Unsafe Condition - High Risk | J8: Complete PV Inspections | K8: Lorna/Ahmed | L8: 45868
C9: Upper Stores | D9: High Risk Licence (Forklift) | E9: Material Handling /Warehouse Safety | F9: Re-newal of FLT liceses are in progress | G9: NSW WHS | H9: Unsafe Condition/Documentation - Low Risk | J9: Complete all FLT trainings | K9: Dianne/Lea | L9: 45899
C10: Minto Factory | D10: Fall Arrest Equipment | E10: High Risk Activities (PTW) | F10: Inspection Due | G10: NSW WHS | H10: Unsafe Condition - High Risk | J10: Complete all Inspection and tagout all un unsables | K10: Burhan/Wayne | L10: 45868
C11: Minto Factory | D11: Slings and Chains | E11: High Risk Activities (PTW) | F11: Inspection Due | H11: Unsafe Condition - High Risk | J11: Complete all Inspection and tagout all un unsables | K11: Burhan/Wayne | L11: 45868
C12: Minto Factory | D12: Hoist | E12: High Risk Activities (PTW) | F12: Inspection Due | H12: Unsafe Condition - High Risk | J12: Complete all Inspection and tagout all un unsables | K12: Burhan/Wayne | L12: 45868
C13: Minto Factory | D13: Warehourse Racking | E13: Material Handling /Warehouse Safety | F13: Report Pending | H13: Unsafe Condition - Medium Risk | J13: Wating for Report | K13: Dianne/Lea
C14: Minto Factory | D14: RCD | E14: Electrical Safety | F14: Inspection Due | H14: Unsafe Condition - High Risk | J14: Complete Test | K14: Anees
C15: Minto Factory | D15: Electrical Test and Tag | E15: Electrical Safety | F15: Inspection Due | H15: Unsafe Condition - High Risk | J15: Complete Test | K15: Anees
C16: Minto Factory | D16: First Aid - Eye wash station and Safety Shower | E16: Emergency Response/Fire Protection | H16: Unsafe Condition - High Risk | J16: Complete Inspection | K16: Burhan/Wayne | L16: 45838
C17: Minto Factory | D17: Emergency Planning | E17: Emergency Response/Fire Protection | F17: Revision In Progress
C18: Minto Factory | D18: Confined Spaces | E18: High Risk Activities (PTW) | F18: Need to update register and stickering | H18: Unsafe Condition - High Risk | J18: Identify all CS in register and provide all visual signages in relevent areas | K18: Wayne | L18: 45899
C19: Minto Factory | D19: Hazardous Chemicals | E19: Health Chemical | F19: need to update register and overall chemical handling | H19: Unsafe Condition - High Risk | J19: Update Chemical Register and Chemical handling, Signages etc | K19: Farshid | L19: 45868
C20: Minto Factory | D20: Hazardous Manual Tasks | E20: Risk Management/Risk Assessments | F20: Need to update task register | H20: Unsafe Condition - Medium Risk | J20: Complete UMS Step3 | K20: Madhusanka | L20: Q2-2026
C21: Minto Factory | D21: Falls | E21: High Risk Activities (PTW)
C22: Minto Factory | D22: MHE equipment | E22: Material Handling /Warehouse Safety | F22: Not all MHE inlcuded in Register/ Test and tagging due | G22: Unilever MMHE Standard and NSW WHS | H22: Unsafe Condition - High Risk | J22: Need to finalize MMHE Survey and Update Register | K22: Dianne | L22: 45868
C23: Minto Factory | D23: Pressure Relief Valves | E23: Process Safety | F23: Inspection Due | H23: Unsafe Condition - High Risk | J23: Need to inlcude PRVs related to steam distribution also to the regsiter | K23: Ahmed | L23: 45868
C24: Minto Factory | D24: Ladders | E24: High Risk Activities (PTW) | F24: Inspection Due | H24: Unsafe Condition - High Risk | J24: Get inspection for latters done | K24: Burhan/Wayne | L24: 45838

Sheet Step 1 || What to look for
B2: Topic | C2: Item | D2: What to look for…
B3: Accident/Incident Reporting | C3: Accident/Incident Reporting | D3: Process in place to report
B4: Walking Working Surfaces | C4: Ladders | D4: Inspected, good condition
C5: Stairways | D5: Handrails present, clear of trip hazards
C6: Fall Protection Systems | D6: Inspected, good condition
C7: Falling Object Protection | D7: Guarding to prevent falling objects
C8: Slip/trip/fall | D8: Area is clear of hazards
C9: Pedestrian Safety | D9: Paths, barriers
B10: Emergency Response/Fire Protection | C10: Exits & pathways | D10: 3ft egress, clear doors
C11: Fire Extinguishers | D11: Inspected and tested. Not blocked
C12: Fire detection systems | D12: Inspected
C13: Alarms | D13: Inspected
C14: Fire Hoses | D14: Inspected
C15: Emergency Lighting | D15: Inspected & tested monthly, sufficient lighting for occupants to exit safely
C16: Eye Wash /Showers | D16: Inspected, available where there is chemical handling
C17: First Aid/AEDs | D17: Readily available and inspected, first aider present, AED available in 3 mins,
C18: Emergency Signage | D18: Clear and mark location of emergency routes, first aid kits, eyewash/showers etc…
B19: Hazardous Material | C19: Compressed Gas | D19: Storage, Handling, Labels
C20: Flammable Liquids | D20: Storage, Handling, Dispensing, Area Classification
C21: Hazardous Waste | D21: Process for disposal
C22: Hazardous Materials | D22: SDS Sheets, emergency procedure, training, lableling
B23: PPE | C23: PPE | D23: Hazard Assessment Survey completed, PPE required is defined
C24: Fall Protection | D24: Defined if required, inspected, training for use
B25: Material Handling /Warehouse Safety | C25: Slings | D25: Inspections, working order, meet manufacturers requirements
C26: Hoists | D26: Inspections, working order, meet manufacturers requirements
C27: Cranes | D27: Inspections, working order, meet manufacturers requirements
C28: Powered Industrial Trucks | D28: Inspections, working order, meet manufacturers requirements, written program present
C29: Truck Loading and Unloading | D29: Process to prevent truck from pulling out
B30: Machine Guarding, LOTO | C30: Machine Guarding | D30: Meet UL requirements ( prevent access)
C31: Emergency Stops | D31: Present, tested
C32: Handheld tools | D32: Inspection to manfactures spec.
C33: LOTO | D33: Energy control procedure, training, review of procedures
C34: ACM | D34: Procedure, training to procedure
B35: Health Physical | C35: Ergonomics | D35: Lifting, lowering, pushing, pulling, shift work, tools use
C36: Heat Stress/ Cold Stress | D36: Temperature/Humdity
C37: Noise/ Vibration | D37: Hearing conservation program
C38: Radiation | D38: Expsoure assessment
B39: Health Biological | C39: Blood Bourn Pathogens | D39: Hep B Vaccines provided, Appropriate disposal methods.
C40: Insects/animals | D40: Bites, control
B41: Health Chemical | C41: Industrial Hygiene | D41: Contaminents below occupational exposure limit
B42: Hazardous Building Material | C42: Mould | D42: Should be remediated if present
C43: Asbestos | D43: Inspected, labelled, training
C44: Lead | D44: Testing, training, signage
C45: Mercury | D45: Spill kits, training if present
B46: High Risk Activities (PTW) | C46: Confined Space | D46: Labeled, permit for entry, training
C47: Hot Work | D47: Permit Training
C48: Live Electrical Work | D48: Permit process
C49: Line Break | D49: Permit process
C50: Work at Heights | D50: Safe work plan
C51: Working Alone | D51: Procedure/process in place
B52: Process Safety | C52: Dust | D52: Hazardous Area Classification
C53: Heat Transfer Systesm | D53: Inspection, compliance with local laws
C54: Electrical Safety | D54: Arc Flash survery, panels locked and lablelled , GFCI used
C55: Ammonia | D55: Labeled, inspected, training, emergency response procedure
B56: Construction Safety
B57: Safe Travel

Sheet Risk Assessment || Step 3 
I1: Completed by: | J1: Name, Position
A2: Date of Assessment Done: | J2: YYYY/MM/DD
A3: Date of Last Update: | J3: YYYY/MM/DD
C4: Step 3: Risk Assessment | L4: Action Planning & After-Risk Rating
J5: Do not paste over | R5: Do not paste over | U5: Do not paste over
C6: Drop-down Field | H6: Drop-down Field | I6: Drop-down Field | J6: Auto-Calc Field | M6: Drop-down Field | O6: Drop-down Field | R6: Auto-Calc Field | S6: Drop-down Field | T6: Drop-down Field | U6: Auto-Calc Field
C7: Area (From S-Matrix) | D7: Job/Activity | E7: Task/Step | F7: Hazard Description | G7: Existing Controls/Defenses | H7: Probability | I7: Severity | J7: Risk Rating | L7: Description of recommended control improvements | M7: Type of Countermeasure | N7: Action Owner: | O7: Capex Required? | P7: Target Completion Date | Q7: Actual Completion Date | R7: Status | S7: Probability | T7: Severity | U7: Risk Rating | V7: Remarks:
J8: {=IFERROR(_xlfn.IFS((AND(H8=10,I8=1)),"L",(AND(H8=10,I8=2)),"H",(AND(H8=10,I8=4)),"VH",(AND(H8=10,I8=6)),"VH",(AND(H8=10,I8=8)),"VH",(AND(H8=10,I8=10)),"VH",(AND(H8=8,I8=1)),"L",(AND(H8=8,I8=2)),"M+",(AND(H8=8,I8=4)),"H",(AND(H8=8,I8=6)),"VH",(AND(H8=8,I8=8)),"VH",(AND(H8=8,I8=10)),"VH",(AND(H8=6,I8=1)),"L",(AND(H8=6,I8=2)),"M",(AND(H8=6,I8=4)),"M+",(AND(H8=6,I8=6)),"H",(AND(H8=6,I8=8)),"VH",(AND(H8=6,I8=10)),"VH",(AND(H8=4,I8=1)),"VL",(AND(H8=4,I8=2)),"L",(AND(H8=4,I8=4)),"M",(AND(H8=4,I8=6)),"M+",(AND(H8=4,I8=8)),"H",(AND(H8=4,I8=10)),"VH",(AND(H8=2,I8=1)),"VL",(AND(H8=2,I8=2)),"VL",(AND(H8=2,I8=4)),"L",(AND(H8=2,I8=6)),"M",(AND(H8=2,I8=8)),"H",(AND(H8=2,I8=10)),"H",(AND(H8=1,I8=1)),"VL",(AND(H8=1,I8=2)),"VL",(AND(H8=1,I8=4)),"L",(AND(H8=1,I8=6)),"L",(AND(H8=1,I8=8)),"M+",(AND(H8=1,I8=10)),"H"),"")} | R8: {=_xlfn.IFS(ISBLANK(L8),"",AND(ISBLANK(Q8),P8<TODAY()),"Over Due",ISBLANK(Q8),"Open",NOT(ISBLANK(Q8)),"Closed")} | U8: {=IFERROR(_xlfn.IFS((AND(S8=10,T8=1)),"L",(AND(S8=10,T8=2)),"H",(AND(S8=10,T8=4)),"VH",(AND(S8=10,T8=6)),"VH",(AND(S8=10,T8=8)),"VH",(AND(S8=10,T8=10)),"VH",(AND(S8=8,T8=1)),"L",(AND(S8=8,T8=2)),"M+",(AND(S8=8,T8=4)),"H",(AND(S8=8,T8=6)),"VH",(AND(S8=8,T8=8)),"VH",(AND(S8=8,T8=10)),"VH",(AND(S8=6,T8=1)),"L",(AND(S8=6,T8=2)),"M",(AND(S8=6,T8=4)),"M+",(AND(S8=6,T8=6)),"H",(AND(S8=6,T8=8)),"VH",(AND(S8=6,T8=10)),"VH",(AND(S8=4,T8=1)),"VL",(AND(S8=4,T8=2)),"L",(AND(S8=4,T8=4)),"M",(AND(S8=4,T8=6)),"M+",(AND(S8=4,T8=8)),"H",(AND(S8=4,T8=10)),"VH",(AND(S8=2,T8=1)),"VL",(AND(S8=2,T8=2)),"VL",(AND(S8=2,T8=4)),"L",(AND(S8=2,T8=6)),"M",(AND(S8=2,T8=8)),"H",(AND(S8=2,T8=10)),"H",(AND(S8=1,T8=1)),"VL",(AND(S8=1,T8=2)),"VL",(AND(S8=1,T8=4)),"L",(AND(S8=1,T8=6)),"L",(AND(S8=1,T8=8)),"M+",(AND(S8=1,T8=10)),"H"),"")}
J9: {=IFERROR(_xlfn.IFS((AND(H9=10,I9=1)),"L",(AND(H9=10,I9=2)),"H",(AND(H9=10,I9=4)),"VH",(AND(H9=10,I9=6)),"VH",(AND(H9=10,I9=8)),"VH",(AND(H9=10,I9=10)),"VH",(AND(H9=8,I9=1)),"L",(AND(H9=8,I9=2)),"M+",(AND(H9=8,I9=4)),"H",(AND(H9=8,I9=6)),"VH",(AND(H9=8,I9=8)),"VH",(AND(H9=8,I9=10)),"VH",(AND(H9=6,I9=1)),"L",(AND(H9=6,I9=2)),"M",(AND(H9=6,I9=4)),"M+",(AND(H9=6,I9=6)),"H",(AND(H9=6,I9=8)),"VH",(AND(H9=6,I9=10)),"VH",(AND(H9=4,I9=1)),"VL",(AND(H9=4,I9=2)),"L",(AND(H9=4,I9=4)),"M",(AND(H9=4,I9=6)),"M+",(AND(H9=4,I9=8)),"H",(AND(H9=4,I9=10)),"VH",(AND(H9=2,I9=1)),"VL",(AND(H9=2,I9=2)),"VL",(AND(H9=2,I9=4)),"L",(AND(H9=2,I9=6)),"M",(AND(H9=2,I9=8)),"H",(AND(H9=2,I9=10)),"H",(AND(H9=1,I9=1)),"VL",(AND(H9=1,I9=2)),"VL",(AND(H9=1,I9=4)),"L",(AND(H9=1,I9=6)),"L",(AND(H9=1,I9=8)),"M+",(AND(H9=1,I9=10)),"H"),"")} | R9: {=_xlfn.IFS(ISBLANK(L9),"",AND(ISBLANK(Q9),P9<TODAY()),"Over Due",ISBLANK(Q9),"Open",NOT(ISBLANK(Q9)),"Closed")} | U9: {=IFERROR(_xlfn.IFS((AND(S9=10,T9=1)),"L",(AND(S9=10,T9=2)),"H",(AND(S9=10,T9=4)),"VH",(AND(S9=10,T9=6)),"VH",(AND(S9=10,T9=8)),"VH",(AND(S9=10,T9=10)),"VH",(AND(S9=8,T9=1)),"L",(AND(S9=8,T9=2)),"M+",(AND(S9=8,T9=4)),"H",(AND(S9=8,T9=6)),"VH",(AND(S9=8,T9=8)),"VH",(AND(S9=8,T9=10)),"VH",(AND(S9=6,T9=1)),"L",(AND(S9=6,T9=2)),"M",(AND(S9=6,T9=4)),"M+",(AND(S9=6,T9=6)),"H",(AND(S9=6,T9=8)),"VH",(AND(S9=6,T9=10)),"VH",(AND(S9=4,T9=1)),"VL",(AND(S9=4,T9=2)),"L",(AND(S9=4,T9=4)),"M",(AND(S9=4,T9=6)),"M+",(AND(S9=4,T9=8)),"H",(AND(S9=4,T9=10)),"VH",(AND(S9=2,T9=1)),"VL",(AND(S9=2,T9=2)),"VL",(AND(S9=2,T9=4)),"L",(AND(S9=2,T9=6)),"M",(AND(S9=2,T9=8)),"H",(AND(S9=2,T9=10)),"H",(AND(S9=1,T9=1)),"VL",(AND(S9=1,T9=2)),"VL",(AND(S9=1,T9=4)),"L",(AND(S9=1,T9=6)),"L",(AND(S9=1,T9=8)),"M+",(AND(S9=1,T9=10)),"H"),"")}
J10: {=IFERROR(_xlfn.IFS((AND(H10=10,I10=1)),"L",(AND(H10=10,I10=2)),"H",(AND(H10=10,I10=4)),"VH",(AND(H10=10,I10=6)),"VH",(AND(H10=10,I10=8)),"VH",(AND(H10=10,I10=10)),"VH",(AND(H10=8,I10=1)),"L",(AND(H10=8,I10=2)),"M+",(AND(H10=8,I10=4)),"H",(AND(H10=8,I10=6)),"VH",(AND(H10=8,I10=8)),"VH",(AND(H10=8,I10=10)),"VH",(AND(H10=6,I10=1)),"L",(AND(H10=6,I10=2)),"M",(AND(H10=6,I10=4)),"M+",(AND(H10=6,I10=6)),"H",(AND(H10=6,I10=8)),"VH",(AND(H10=6,I10=10)),"VH",(AND(H10=4,I10=1)),"VL",(AND(H10=4,I10=2)),"L",(AND(H10=4,I10=4)),"M",(AND(H10=4,I10=6)),"M+",(AND(H10=4,I10=8)),"H",(AND(H10=4,I10=10)),"VH",(AND(H10=2,I10=1)),"VL",(AND(H10=2,I10=2)),"VL",(AND(H10=2,I10=4)),"L",(AND(H10=2,I10=6)),"M",(AND(H10=2,I10=8)),"H",(AND(H10=2,I10=10)),"H",(AND(H10=1,I10=1)),"VL",(AND(H10=1,I10=2)),"VL",(AND(H10=1,I10=4)),"L",(AND(H10=1,I10=6)),"L",(AND(H10=1,I10=8)),"M+",(AND(H10=1,I10=10)),"H"),"")} | R10: {=_xlfn.IFS(ISBLANK(L10),"",AND(ISBLANK(Q10),P10<TODAY()),"Over Due",ISBLANK(Q10),"Open",NOT(ISBLANK(Q10)),"Closed")} | U10: {=IFERROR(_xlfn.IFS((AND(S10=10,T10=1)),"L",(AND(S10=10,T10=2)),"H",(AND(S10=10,T10=4)),"VH",(AND(S10=10,T10=6)),"VH",(AND(S10=10,T10=8)),"VH",(AND(S10=10,T10=10)),"VH",(AND(S10=8,T10=1)),"L",(AND(S10=8,T10=2)),"M+",(AND(S10=8,T10=4)),"H",(AND(S10=8,T10=6)),"VH",(AND(S10=8,T10=8)),"VH",(AND(S10=8,T10=10)),"VH",(AND(S10=6,T10=1)),"L",(AND(S10=6,T10=2)),"M",(AND(S10=6,T10=4)),"M+",(AND(S10=6,T10=6)),"H",(AND(S10=6,T10=8)),"VH",(AND(S10=6,T10=10)),"VH",(AND(S10=4,T10=1)),"VL",(AND(S10=4,T10=2)),"L",(AND(S10=4,T10=4)),"M",(AND(S10=4,T10=6)),"M+",(AND(S10=4,T10=8)),"H",(AND(S10=4,T10=10)),"VH",(AND(S10=2,T10=1)),"VL",(AND(S10=2,T10=2)),"VL",(AND(S10=2,T10=4)),"L",(AND(S10=2,T10=6)),"M",(AND(S10=2,T10=8)),"H",(AND(S10=2,T10=10)),"H",(AND(S10=1,T10=1)),"VL",(AND(S10=1,T10=2)),"VL",(AND(S10=1,T10=4)),"L",(AND(S10=1,T10=6)),"L",(AND(S10=1,T10=8)),"M+",(AND(S10=1,T10=10)),"H"),"")}
J11: {=IFERROR(_xlfn.IFS((AND(H11=10,I11=1)),"L",(AND(H11=10,I11=2)),"H",(AND(H11=10,I11=4)),"VH",(AND(H11=10,I11=6)),"VH",(AND(H11=10,I11=8)),"VH",(AND(H11=10,I11=10)),"VH",(AND(H11=8,I11=1)),"L",(AND(H11=8,I11=2)),"M+",(AND(H11=8,I11=4)),"H",(AND(H11=8,I11=6)),"VH",(AND(H11=8,I11=8)),"VH",(AND(H11=8,I11=10)),"VH",(AND(H11=6,I11=1)),"L",(AND(H11=6,I11=2)),"M",(AND(H11=6,I11=4)),"M+",(AND(H11=6,I11=6)),"H",(AND(H11=6,I11=8)),"VH",(AND(H11=6,I11=10)),"VH",(AND(H11=4,I11=1)),"VL",(AND(H11=4,I11=2)),"L",(AND(H11=4,I11=4)),"M",(AND(H11=4,I11=6)),"M+",(AND(H11=4,I11=8)),"H",(AND(H11=4,I11=10)),"VH",(AND(H11=2,I11=1)),"VL",(AND(H11=2,I11=2)),"VL",(AND(H11=2,I11=4)),"L",(AND(H11=2,I11=6)),"M",(AND(H11=2,I11=8)),"H",(AND(H11=2,I11=10)),"H",(AND(H11=1,I11=1)),"VL",(AND(H11=1,I11=2)),"VL",(AND(H11=1,I11=4)),"L",(AND(H11=1,I11=6)),"L",(AND(H11=1,I11=8)),"M+",(AND(H11=1,I11=10)),"H"),"")} | R11: {=_xlfn.IFS(ISBLANK(L11),"",AND(ISBLANK(Q11),P11<TODAY()),"Over Due",ISBLANK(Q11),"Open",NOT(ISBLANK(Q11)),"Closed")} | U11: {=IFERROR(_xlfn.IFS((AND(S11=10,T11=1)),"L",(AND(S11=10,T11=2)),"H",(AND(S11=10,T11=4)),"VH",(AND(S11=10,T11=6)),"VH",(AND(S11=10,T11=8)),"VH",(AND(S11=10,T11=10)),"VH",(AND(S11=8,T11=1)),"L",(AND(S11=8,T11=2)),"M+",(AND(S11=8,T11=4)),"H",(AND(S11=8,T11=6)),"VH",(AND(S11=8,T11=8)),"VH",(AND(S11=8,T11=10)),"VH",(AND(S11=6,T11=1)),"L",(AND(S11=6,T11=2)),"M",(AND(S11=6,T11=4)),"M+",(AND(S11=6,T11=6)),"H",(AND(S11=6,T11=8)),"VH",(AND(S11=6,T11=10)),"VH",(AND(S11=4,T11=1)),"VL",(AND(S11=4,T11=2)),"L",(AND(S11=4,T11=4)),"M",(AND(S11=4,T11=6)),"M+",(AND(S11=4,T11=8)),"H",(AND(S11=4,T11=10)),"VH",(AND(S11=2,T11=1)),"VL",(AND(S11=2,T11=2)),"VL",(AND(S11=2,T11=4)),"L",(AND(S11=2,T11=6)),"M",(AND(S11=2,T11=8)),"H",(AND(S11=2,T11=10)),"H",(AND(S11=1,T11=1)),"VL",(AND(S11=1,T11=2)),"VL",(AND(S11=1,T11=4)),"L",(AND(S11=1,T11=6)),"L",(AND(S11=1,T11=8)),"M+",(AND(S11=1,T11=10)),"H"),"")}
J12: {=IFERROR(_xlfn.IFS((AND(H12=10,I12=1)),"L",(AND(H12=10,I12=2)),"H",(AND(H12=10,I12=4)),"VH",(AND(H12=10,I12=6)),"VH",(AND(H12=10,I12=8)),"VH",(AND(H12=10,I12=10)),"VH",(AND(H12=8,I12=1)),"L",(AND(H12=8,I12=2)),"M+",(AND(H12=8,I12=4)),"H",(AND(H12=8,I12=6)),"VH",(AND(H12=8,I12=8)),"VH",(AND(H12=8,I12=10)),"VH",(AND(H12=6,I12=1)),"L",(AND(H12=6,I12=2)),"M",(AND(H12=6,I12=4)),"M+",(AND(H12=6,I12=6)),"H",(AND(H12=6,I12=8)),"VH",(AND(H12=6,I12=10)),"VH",(AND(H12=4,I12=1)),"VL",(AND(H12=4,I12=2)),"L",(AND(H12=4,I12=4)),"M",(AND(H12=4,I12=6)),"M+",(AND(H12=4,I12=8)),"H",(AND(H12=4,I12=10)),"VH",(AND(H12=2,I12=1)),"VL",(AND(H12=2,I12=2)),"VL",(AND(H12=2,I12=4)),"L",(AND(H12=2,I12=6)),"M",(AND(H12=2,I12=8)),"H",(AND(H12=2,I12=10)),"H",(AND(H12=1,I12=1)),"VL",(AND(H12=1,I12=2)),"VL",(AND(H12=1,I12=4)),"L",(AND(H12=1,I12=6)),"L",(AND(H12=1,I12=8)),"M+",(AND(H12=1,I12=10)),"H"),"")} | R12: {=_xlfn.IFS(ISBLANK(L12),"",AND(ISBLANK(Q12),P12<TODAY()),"Over Due",ISBLANK(Q12),"Open",NOT(ISBLANK(Q12)),"Closed")} | U12: {=IFERROR(_xlfn.IFS((AND(S12=10,T12=1)),"L",(AND(S12=10,T12=2)),"H",(AND(S12=10,T12=4)),"VH",(AND(S12=10,T12=6)),"VH",(AND(S12=10,T12=8)),"VH",(AND(S12=10,T12=10)),"VH",(AND(S12=8,T12=1)),"L",(AND(S12=8,T12=2)),"M+",(AND(S12=8,T12=4)),"H",(AND(S12=8,T12=6)),"VH",(AND(S12=8,T12=8)),"VH",(AND(S12=8,T12=10)),"VH",(AND(S12=6,T12=1)),"L",(AND(S12=6,T12=2)),"M",(AND(S12=6,T12=4)),"M+",(AND(S12=6,T12=6)),"H",(AND(S12=6,T12=8)),"VH",(AND(S12=6,T12=10)),"VH",(AND(S12=4,T12=1)),"VL",(AND(S12=4,T12=2)),"L",(AND(S12=4,T12=4)),"M",(AND(S12=4,T12=6)),"M+",(AND(S12=4,T12=8)),"H",(AND(S12=4,T12=10)),"VH",(AND(S12=2,T12=1)),"VL",(AND(S12=2,T12=2)),"VL",(AND(S12=2,T12=4)),"L",(AND(S12=2,T12=6)),"M",(AND(S12=2,T12=8)),"H",(AND(S12=2,T12=10)),"H",(AND(S12=1,T12=1)),"VL",(AND(S12=1,T12=2)),"VL",(AND(S12=1,T12=4)),"L",(AND(S12=1,T12=6)),"L",(AND(S12=1,T12=8)),"M+",(AND(S12=1,T12=10)),"H"),"")}
J13: {=IFERROR(_xlfn.IFS((AND(H13=10,I13=1)),"L",(AND(H13=10,I13=2)),"H",(AND(H13=10,I13=4)),"VH",(AND(H13=10,I13=6)),"VH",(AND(H13=10,I13=8)),"VH",(AND(H13=10,I13=10)),"VH",(AND(H13=8,I13=1)),"L",(AND(H13=8,I13=2)),"M+",(AND(H13=8,I13=4)),"H",(AND(H13=8,I13=6)),"VH",(AND(H13=8,I13=8)),"VH",(AND(H13=8,I13=10)),"VH",(AND(H13=6,I13=1)),"L",(AND(H13=6,I13=2)),"M",(AND(H13=6,I13=4)),"M+",(AND(H13=6,I13=6)),"H",(AND(H13=6,I13=8)),"VH",(AND(H13=6,I13=10)),"VH",(AND(H13=4,I13=1)),"VL",(AND(H13=4,I13=2)),"L",(AND(H13=4,I13=4)),"M",(AND(H13=4,I13=6)),"M+",(AND(H13=4,I13=8)),"H",(AND(H13=4,I13=10)),"VH",(AND(H13=2,I13=1)),"VL",(AND(H13=2,I13=2)),"VL",(AND(H13=2,I13=4)),"L",(AND(H13=2,I13=6)),"M",(AND(H13=2,I13=8)),"H",(AND(H13=2,I13=10)),"H",(AND(H13=1,I13=1)),"VL",(AND(H13=1,I13=2)),"VL",(AND(H13=1,I13=4)),"L",(AND(H13=1,I13=6)),"L",(AND(H13=1,I13=8)),"M+",(AND(H13=1,I13=10)),"H"),"")} | R13: {=_xlfn.IFS(ISBLANK(L13),"",AND(ISBLANK(Q13),P13<TODAY()),"Over Due",ISBLANK(Q13),"Open",NOT(ISBLANK(Q13)),"Closed")} | U13: {=IFERROR(_xlfn.IFS((AND(S13=10,T13=1)),"L",(AND(S13=10,T13=2)),"H",(AND(S13=10,T13=4)),"VH",(AND(S13=10,T13=6)),"VH",(AND(S13=10,T13=8)),"VH",(AND(S13=10,T13=10)),"VH",(AND(S13=8,T13=1)),"L",(AND(S13=8,T13=2)),"M+",(AND(S13=8,T13=4)),"H",(AND(S13=8,T13=6)),"VH",(AND(S13=8,T13=8)),"VH",(AND(S13=8,T13=10)),"VH",(AND(S13=6,T13=1)),"L",(AND(S13=6,T13=2)),"M",(AND(S13=6,T13=4)),"M+",(AND(S13=6,T13=6)),"H",(AND(S13=6,T13=8)),"VH",(AND(S13=6,T13=10)),"VH",(AND(S13=4,T13=1)),"VL",(AND(S13=4,T13=2)),"L",(AND(S13=4,T13=4)),"M",(AND(S13=4,T13=6)),"M+",(AND(S13=4,T13=8)),"H",(AND(S13=4,T13=10)),"VH",(AND(S13=2,T13=1)),"VL",(AND(S13=2,T13=2)),"VL",(AND(S13=2,T13=4)),"L",(AND(S13=2,T13=6)),"M",(AND(S13=2,T13=8)),"H",(AND(S13=2,T13=10)),"H",(AND(S13=1,T13=1)),"VL",(AND(S13=1,T13=2)),"VL",(AND(S13=1,T13=4)),"L",(AND(S13=1,T13=6)),"L",(AND(S13=1,T13=8)),"M+",(AND(S13=1,T13=10)),"H"),"")}
J14: {=IFERROR(_xlfn.IFS((AND(H14=10,I14=1)),"L",(AND(H14=10,I14=2)),"H",(AND(H14=10,I14=4)),"VH",(AND(H14=10,I14=6)),"VH",(AND(H14=10,I14=8)),"VH",(AND(H14=10,I14=10)),"VH",(AND(H14=8,I14=1)),"L",(AND(H14=8,I14=2)),"M+",(AND(H14=8,I14=4)),"H",(AND(H14=8,I14=6)),"VH",(AND(H14=8,I14=8)),"VH",(AND(H14=8,I14=10)),"VH",(AND(H14=6,I14=1)),"L",(AND(H14=6,I14=2)),"M",(AND(H14=6,I14=4)),"M+",(AND(H14=6,I14=6)),"H",(AND(H14=6,I14=8)),"VH",(AND(H14=6,I14=10)),"VH",(AND(H14=4,I14=1)),"VL",(AND(H14=4,I14=2)),"L",(AND(H14=4,I14=4)),"M",(AND(H14=4,I14=6)),"M+",(AND(H14=4,I14=8)),"H",(AND(H14=4,I14=10)),"VH",(AND(H14=2,I14=1)),"VL",(AND(H14=2,I14=2)),"VL",(AND(H14=2,I14=4)),"L",(AND(H14=2,I14=6)),"M",(AND(H14=2,I14=8)),"H",(AND(H14=2,I14=10)),"H",(AND(H14=1,I14=1)),"VL",(AND(H14=1,I14=2)),"VL",(AND(H14=1,I14=4)),"L",(AND(H14=1,I14=6)),"L",(AND(H14=1,I14=8)),"M+",(AND(H14=1,I14=10)),"H"),"")} | R14: {=_xlfn.IFS(ISBLANK(L14),"",AND(ISBLANK(Q14),P14<TODAY()),"Over Due",ISBLANK(Q14),"Open",NOT(ISBLANK(Q14)),"Closed")} | U14: {=IFERROR(_xlfn.IFS((AND(S14=10,T14=1)),"L",(AND(S14=10,T14=2)),"H",(AND(S14=10,T14=4)),"VH",(AND(S14=10,T14=6)),"VH",(AND(S14=10,T14=8)),"VH",(AND(S14=10,T14=10)),"VH",(AND(S14=8,T14=1)),"L",(AND(S14=8,T14=2)),"M+",(AND(S14=8,T14=4)),"H",(AND(S14=8,T14=6)),"VH",(AND(S14=8,T14=8)),"VH",(AND(S14=8,T14=10)),"VH",(AND(S14=6,T14=1)),"L",(AND(S14=6,T14=2)),"M",(AND(S14=6,T14=4)),"M+",(AND(S14=6,T14=6)),"H",(AND(S14=6,T14=8)),"VH",(AND(S14=6,T14=10)),"VH",(AND(S14=4,T14=1)),"VL",(AND(S14=4,T14=2)),"L",(AND(S14=4,T14=4)),"M",(AND(S14=4,T14=6)),"M+",(AND(S14=4,T14=8)),"H",(AND(S14=4,T14=10)),"VH",(AND(S14=2,T14=1)),"VL",(AND(S14=2,T14=2)),"VL",(AND(S14=2,T14=4)),"L",(AND(S14=2,T14=6)),"M",(AND(S14=2,T14=8)),"H",(AND(S14=2,T14=10)),"H",(AND(S14=1,T14=1)),"VL",(AND(S14=1,T14=2)),"VL",(AND(S14=1,T14=4)),"L",(AND(S14=1,T14=6)),"L",(AND(S14=1,T14=8)),"M+",(AND(S14=1,T14=10)),"H"),"")}
J15: {=IFERROR(_xlfn.IFS((AND(H15=10,I15=1)),"L",(AND(H15=10,I15=2)),"H",(AND(H15=10,I15=4)),"VH",(AND(H15=10,I15=6)),"VH",(AND(H15=10,I15=8)),"VH",(AND(H15=10,I15=10)),"VH",(AND(H15=8,I15=1)),"L",(AND(H15=8,I15=2)),"M+",(AND(H15=8,I15=4)),"H",(AND(H15=8,I15=6)),"VH",(AND(H15=8,I15=8)),"VH",(AND(H15=8,I15=10)),"VH",(AND(H15=6,I15=1)),"L",(AND(H15=6,I15=2)),"M",(AND(H15=6,I15=4)),"M+",(AND(H15=6,I15=6)),"H",(AND(H15=6,I15=8)),"VH",(AND(H15=6,I15=10)),"VH",(AND(H15=4,I15=1)),"VL",(AND(H15=4,I15=2)),"L",(AND(H15=4,I15=4)),"M",(AND(H15=4,I15=6)),"M+",(AND(H15=4,I15=8)),"H",(AND(H15=4,I15=10)),"VH",(AND(H15=2,I15=1)),"VL",(AND(H15=2,I15=2)),"VL",(AND(H15=2,I15=4)),"L",(AND(H15=2,I15=6)),"M",(AND(H15=2,I15=8)),"H",(AND(H15=2,I15=10)),"H",(AND(H15=1,I15=1)),"VL",(AND(H15=1,I15=2)),"VL",(AND(H15=1,I15=4)),"L",(AND(H15=1,I15=6)),"L",(AND(H15=1,I15=8)),"M+",(AND(H15=1,I15=10)),"H"),"")} | R15: {=_xlfn.IFS(ISBLANK(L15),"",AND(ISBLANK(Q15),P15<TODAY()),"Over Due",ISBLANK(Q15),"Open",NOT(ISBLANK(Q15)),"Closed")} | U15: {=IFERROR(_xlfn.IFS((AND(S15=10,T15=1)),"L",(AND(S15=10,T15=2)),"H",(AND(S15=10,T15=4)),"VH",(AND(S15=10,T15=6)),"VH",(AND(S15=10,T15=8)),"VH",(AND(S15=10,T15=10)),"VH",(AND(S15=8,T15=1)),"L",(AND(S15=8,T15=2)),"M+",(AND(S15=8,T15=4)),"H",(AND(S15=8,T15=6)),"VH",(AND(S15=8,T15=8)),"VH",(AND(S15=8,T15=10)),"VH",(AND(S15=6,T15=1)),"L",(AND(S15=6,T15=2)),"M",(AND(S15=6,T15=4)),"M+",(AND(S15=6,T15=6)),"H",(AND(S15=6,T15=8)),"VH",(AND(S15=6,T15=10)),"VH",(AND(S15=4,T15=1)),"VL",(AND(S15=4,T15=2)),"L",(AND(S15=4,T15=4)),"M",(AND(S15=4,T15=6)),"M+",(AND(S15=4,T15=8)),"H",(AND(S15=4,T15=10)),"VH",(AND(S15=2,T15=1)),"VL",(AND(S15=2,T15=2)),"VL",(AND(S15=2,T15=4)),"L",(AND(S15=2,T15=6)),"M",(AND(S15=2,T15=8)),"H",(AND(S15=2,T15=10)),"H",(AND(S15=1,T15=1)),"VL",(AND(S15=1,T15=2)),"VL",(AND(S15=1,T15=4)),"L",(AND(S15=1,T15=6)),"L",(AND(S15=1,T15=8)),"M+",(AND(S15=1,T15=10)),"H"),"")}
J16: {=IFERROR(_xlfn.IFS((AND(H16=10,I16=1)),"L",(AND(H16=10,I16=2)),"H",(AND(H16=10,I16=4)),"VH",(AND(H16=10,I16=6)),"VH",(AND(H16=10,I16=8)),"VH",(AND(H16=10,I16=10)),"VH",(AND(H16=8,I16=1)),"L",(AND(H16=8,I16=2)),"M+",(AND(H16=8,I16=4)),"H",(AND(H16=8,I16=6)),"VH",(AND(H16=8,I16=8)),"VH",(AND(H16=8,I16=10)),"VH",(AND(H16=6,I16=1)),"L",(AND(H16=6,I16=2)),"M",(AND(H16=6,I16=4)),"M+",(AND(H16=6,I16=6)),"H",(AND(H16=6,I16=8)),"VH",(AND(H16=6,I16=10)),"VH",(AND(H16=4,I16=1)),"VL",(AND(H16=4,I16=2)),"L",(AND(H16=4,I16=4)),"M",(AND(H16=4,I16=6)),"M+",(AND(H16=4,I16=8)),"H",(AND(H16=4,I16=10)),"VH",(AND(H16=2,I16=1)),"VL",(AND(H16=2,I16=2)),"VL",(AND(H16=2,I16=4)),"L",(AND(H16=2,I16=6)),"M",(AND(H16=2,I16=8)),"H",(AND(H16=2,I16=10)),"H",(AND(H16=1,I16=1)),"VL",(AND(H16=1,I16=2)),"VL",(AND(H16=1,I16=4)),"L",(AND(H16=1,I16=6)),"L",(AND(H16=1,I16=8)),"M+",(AND(H16=1,I16=10)),"H"),"")} | R16: {=_xlfn.IFS(ISBLANK(L16),"",AND(ISBLANK(Q16),P16<TODAY()),"Over Due",ISBLANK(Q16),"Open",NOT(ISBLANK(Q16)),"Closed")} | U16: {=IFERROR(_xlfn.IFS((AND(S16=10,T16=1)),"L",(AND(S16=10,T16=2)),"H",(AND(S16=10,T16=4)),"VH",(AND(S16=10,T16=6)),"VH",(AND(S16=10,T16=8)),"VH",(AND(S16=10,T16=10)),"VH",(AND(S16=8,T16=1)),"L",(AND(S16=8,T16=2)),"M+",(AND(S16=8,T16=4)),"H",(AND(S16=8,T16=6)),"VH",(AND(S16=8,T16=8)),"VH",(AND(S16=8,T16=10)),"VH",(AND(S16=6,T16=1)),"L",(AND(S16=6,T16=2)),"M",(AND(S16=6,T16=4)),"M+",(AND(S16=6,T16=6)),"H",(AND(S16=6,T16=8)),"VH",(AND(S16=6,T16=10)),"VH",(AND(S16=4,T16=1)),"VL",(AND(S16=4,T16=2)),"L",(AND(S16=4,T16=4)),"M",(AND(S16=4,T16=6)),"M+",(AND(S16=4,T16=8)),"H",(AND(S16=4,T16=10)),"VH",(AND(S16=2,T16=1)),"VL",(AND(S16=2,T16=2)),"VL",(AND(S16=2,T16=4)),"L",(AND(S16=2,T16=6)),"M",(AND(S16=2,T16=8)),"H",(AND(S16=2,T16=10)),"H",(AND(S16=1,T16=1)),"VL",(AND(S16=1,T16=2)),"VL",(AND(S16=1,T16=4)),"L",(AND(S16=1,T16=6)),"L",(AND(S16=1,T16=8)),"M+",(AND(S16=1,T16=10)),"H"),"")}
J17: {=IFERROR(_xlfn.IFS((AND(H17=10,I17=1)),"L",(AND(H17=10,I17=2)),"H",(AND(H17=10,I17=4)),"VH",(AND(H17=10,I17=6)),"VH",(AND(H17=10,I17=8)),"VH",(AND(H17=10,I17=10)),"VH",(AND(H17=8,I17=1)),"L",(AND(H17=8,I17=2)),"M+",(AND(H17=8,I17=4)),"H",(AND(H17=8,I17=6)),"VH",(AND(H17=8,I17=8)),"VH",(AND(H17=8,I17=10)),"VH",(AND(H17=6,I17=1)),"L",(AND(H17=6,I17=2)),"M",(AND(H17=6,I17=4)),"M+",(AND(H17=6,I17=6)),"H",(AND(H17=6,I17=8)),"VH",(AND(H17=6,I17=10)),"VH",(AND(H17=4,I17=1)),"VL",(AND(H17=4,I17=2)),"L",(AND(H17=4,I17=4)),"M",(AND(H17=4,I17=6)),"M+",(AND(H17=4,I17=8)),"H",(AND(H17=4,I17=10)),"VH",(AND(H17=2,I17=1)),"VL",(AND(H17=2,I17=2)),"VL",(AND(H17=2,I17=4)),"L",(AND(H17=2,I17=6)),"M",(AND(H17=2,I17=8)),"H",(AND(H17=2,I17=10)),"H",(AND(H17=1,I17=1)),"VL",(AND(H17=1,I17=2)),"VL",(AND(H17=1,I17=4)),"L",(AND(H17=1,I17=6)),"L",(AND(H17=1,I17=8)),"M+",(AND(H17=1,I17=10)),"H"),"")} | R17: {=_xlfn.IFS(ISBLANK(L17),"",AND(ISBLANK(Q17),P17<TODAY()),"Over Due",ISBLANK(Q17),"Open",NOT(ISBLANK(Q17)),"Closed")} | U17: {=IFERROR(_xlfn.IFS((AND(S17=10,T17=1)),"L",(AND(S17=10,T17=2)),"H",(AND(S17=10,T17=4)),"VH",(AND(S17=10,T17=6)),"VH",(AND(S17=10,T17=8)),"VH",(AND(S17=10,T17=10)),"VH",(AND(S17=8,T17=1)),"L",(AND(S17=8,T17=2)),"M+",(AND(S17=8,T17=4)),"H",(AND(S17=8,T17=6)),"VH",(AND(S17=8,T17=8)),"VH",(AND(S17=8,T17=10)),"VH",(AND(S17=6,T17=1)),"L",(AND(S17=6,T17=2)),"M",(AND(S17=6,T17=4)),"M+",(AND(S17=6,T17=6)),"H",(AND(S17=6,T17=8)),"VH",(AND(S17=6,T17=10)),"VH",(AND(S17=4,T17=1)),"VL",(AND(S17=4,T17=2)),"L",(AND(S17=4,T17=4)),"M",(AND(S17=4,T17=6)),"M+",(AND(S17=4,T17=8)),"H",(AND(S17=4,T17=10)),"VH",(AND(S17=2,T17=1)),"VL",(AND(S17=2,T17=2)),"VL",(AND(S17=2,T17=4)),"L",(AND(S17=2,T17=6)),"M",(AND(S17=2,T17=8)),"H",(AND(S17=2,T17=10)),"H",(AND(S17=1,T17=1)),"VL",(AND(S17=1,T17=2)),"VL",(AND(S17=1,T17=4)),"L",(AND(S17=1,T17=6)),"L",(AND(S17=1,T17=8)),"M+",(AND(S17=1,T17=10)),"H"),"")}
J18: {=IFERROR(_xlfn.IFS((AND(H18=10,I18=1)),"L",(AND(H18=10,I18=2)),"H",(AND(H18=10,I18=4)),"VH",(AND(H18=10,I18=6)),"VH",(AND(H18=10,I18=8)),"VH",(AND(H18=10,I18=10)),"VH",(AND(H18=8,I18=1)),"L",(AND(H18=8,I18=2)),"M+",(AND(H18=8,I18=4)),"H",(AND(H18=8,I18=6)),"VH",(AND(H18=8,I18=8)),"VH",(AND(H18=8,I18=10)),"VH",(AND(H18=6,I18=1)),"L",(AND(H18=6,I18=2)),"M",(AND(H18=6,I18=4)),"M+",(AND(H18=6,I18=6)),"H",(AND(H18=6,I18=8)),"VH",(AND(H18=6,I18=10)),"VH",(AND(H18=4,I18=1)),"VL",(AND(H18=4,I18=2)),"L",(AND(H18=4,I18=4)),"M",(AND(H18=4,I18=6)),"M+",(AND(H18=4,I18=8)),"H",(AND(H18=4,I18=10)),"VH",(AND(H18=2,I18=1)),"VL",(AND(H18=2,I18=2)),"VL",(AND(H18=2,I18=4)),"L",(AND(H18=2,I18=6)),"M",(AND(H18=2,I18=8)),"H",(AND(H18=2,I18=10)),"H",(AND(H18=1,I18=1)),"VL",(AND(H18=1,I18=2)),"VL",(AND(H18=1,I18=4)),"L",(AND(H18=1,I18=6)),"L",(AND(H18=1,I18=8)),"M+",(AND(H18=1,I18=10)),"H"),"")} | R18: {=_xlfn.IFS(ISBLANK(L18),"",AND(ISBLANK(Q18),P18<TODAY()),"Over Due",ISBLANK(Q18),"Open",NOT(ISBLANK(Q18)),"Closed")} | U18: {=IFERROR(_xlfn.IFS((AND(S18=10,T18=1)),"L",(AND(S18=10,T18=2)),"H",(AND(S18=10,T18=4)),"VH",(AND(S18=10,T18=6)),"VH",(AND(S18=10,T18=8)),"VH",(AND(S18=10,T18=10)),"VH",(AND(S18=8,T18=1)),"L",(AND(S18=8,T18=2)),"M+",(AND(S18=8,T18=4)),"H",(AND(S18=8,T18=6)),"VH",(AND(S18=8,T18=8)),"VH",(AND(S18=8,T18=10)),"VH",(AND(S18=6,T18=1)),"L",(AND(S18=6,T18=2)),"M",(AND(S18=6,T18=4)),"M+",(AND(S18=6,T18=6)),"H",(AND(S18=6,T18=8)),"VH",(AND(S18=6,T18=10)),"VH",(AND(S18=4,T18=1)),"VL",(AND(S18=4,T18=2)),"L",(AND(S18=4,T18=4)),"M",(AND(S18=4,T18=6)),"M+",(AND(S18=4,T18=8)),"H",(AND(S18=4,T18=10)),"VH",(AND(S18=2,T18=1)),"VL",(AND(S18=2,T18=2)),"VL",(AND(S18=2,T18=4)),"L",(AND(S18=2,T18=6)),"M",(AND(S18=2,T18=8)),"H",(AND(S18=2,T18=10)),"H",(AND(S18=1,T18=1)),"VL",(AND(S18=1,T18=2)),"VL",(AND(S18=1,T18=4)),"L",(AND(S18=1,T18=6)),"L",(AND(S18=1,T18=8)),"M+",(AND(S18=1,T18=10)),"H"),"")}
J19: {=IFERROR(_xlfn.IFS((AND(H19=10,I19=1)),"L",(AND(H19=10,I19=2)),"H",(AND(H19=10,I19=4)),"VH",(AND(H19=10,I19=6)),"VH",(AND(H19=10,I19=8)),"VH",(AND(H19=10,I19=10)),"VH",(AND(H19=8,I19=1)),"L",(AND(H19=8,I19=2)),"M+",(AND(H19=8,I19=4)),"H",(AND(H19=8,I19=6)),"VH",(AND(H19=8,I19=8)),"VH",(AND(H19=8,I19=10)),"VH",(AND(H19=6,I19=1)),"L",(AND(H19=6,I19=2)),"M",(AND(H19=6,I19=4)),"M+",(AND(H19=6,I19=6)),"H",(AND(H19=6,I19=8)),"VH",(AND(H19=6,I19=10)),"VH",(AND(H19=4,I19=1)),"VL",(AND(H19=4,I19=2)),"L",(AND(H19=4,I19=4)),"M",(AND(H19=4,I19=6)),"M+",(AND(H19=4,I19=8)),"H",(AND(H19=4,I19=10)),"VH",(AND(H19=2,I19=1)),"VL",(AND(H19=2,I19=2)),"VL",(AND(H19=2,I19=4)),"L",(AND(H19=2,I19=6)),"M",(AND(H19=2,I19=8)),"H",(AND(H19=2,I19=10)),"H",(AND(H19=1,I19=1)),"VL",(AND(H19=1,I19=2)),"VL",(AND(H19=1,I19=4)),"L",(AND(H19=1,I19=6)),"L",(AND(H19=1,I19=8)),"M+",(AND(H19=1,I19=10)),"H"),"")} | R19: {=_xlfn.IFS(ISBLANK(L19),"",AND(ISBLANK(Q19),P19<TODAY()),"Over Due",ISBLANK(Q19),"Open",NOT(ISBLANK(Q19)),"Closed")} | U19: {=IFERROR(_xlfn.IFS((AND(S19=10,T19=1)),"L",(AND(S19=10,T19=2)),"H",(AND(S19=10,T19=4)),"VH",(AND(S19=10,T19=6)),"VH",(AND(S19=10,T19=8)),"VH",(AND(S19=10,T19=10)),"VH",(AND(S19=8,T19=1)),"L",(AND(S19=8,T19=2)),"M+",(AND(S19=8,T19=4)),"H",(AND(S19=8,T19=6)),"VH",(AND(S19=8,T19=8)),"VH",(AND(S19=8,T19=10)),"VH",(AND(S19=6,T19=1)),"L",(AND(S19=6,T19=2)),"M",(AND(S19=6,T19=4)),"M+",(AND(S19=6,T19=6)),"H",(AND(S19=6,T19=8)),"VH",(AND(S19=6,T19=10)),"VH",(AND(S19=4,T19=1)),"VL",(AND(S19=4,T19=2)),"L",(AND(S19=4,T19=4)),"M",(AND(S19=4,T19=6)),"M+",(AND(S19=4,T19=8)),"H",(AND(S19=4,T19=10)),"VH",(AND(S19=2,T19=1)),"VL",(AND(S19=2,T19=2)),"VL",(AND(S19=2,T19=4)),"L",(AND(S19=2,T19=6)),"M",(AND(S19=2,T19=8)),"H",(AND(S19=2,T19=10)),"H",(AND(S19=1,T19=1)),"VL",(AND(S19=1,T19=2)),"VL",(AND(S19=1,T19=4)),"L",(AND(S19=1,T19=6)),"L",(AND(S19=1,T19=8)),"M+",(AND(S19=1,T19=10)),"H"),"")}
... J231: {=IFERROR(_xlfn.IFS((AND(H231=10,I231=1)),"L",(AND(H231=10,I231=2)),"H",(AND(H231=10,I231=4)),"VH",(AND(H231=10,I231=6)),"VH",(AND(H231=10,I231=8)),"VH",(AND(H231=10,I231=10)),"VH",(AND(H231=8,I231=1)),"L",(AND(H231=8,I231=2)),"M+",(AND(H231=8,I231=4)),"H",(AND(H231=8,I231=6)),"VH",(AND(H231=8,I231=8)),"VH",(AND(H231=8,I231=10)),"VH",(AND(H231=6,I231=1)),"L",(AND(H231=6,I231=2)),"M",(AND(H231=6,I231=4)),"M+",(AND(H231=6,I231=6)),"H",(AND(H231=6,I231=8)),"VH",(AND(H231=6,I231=10)),"VH",(AND(H231=4,I231=1)),"VL",(AND(H231=4,I231=2)),"L",(AND(H231=4,I231=4)),"M",(AND(H231=4,I231=6)),"M+",(AND(H231=4,I231=8)),"H",(AND(H231=4,I231=10)),"VH",(AND(H231=2,I231=1)),"VL",(AND(H231=2,I231=2)),"VL",(AND(H231=2,I231=4)),"L",(AND(H231=2,I231=6)),"M",(AND(H231=2,I231=8)),"H",(AND(H231=2,I231=10)),"H",(AND(H231=1,I231=1)),"VL",(AND(H231=1,I231=2)),"VL",(AND(H231=1,I231=4)),"L",(AND(H231=1,I231=6)),"L",(AND(H231=1,I231=8)),"M+",(AND(H231=1,I231=10)),"H"),"")} | R231: {=_xlfn.IFS(ISBLANK(L231),"",AND(ISBLANK(Q231),P231<TODAY()),"Over Due",ISBLANK(Q231),"Open",NOT(ISBLANK(Q231)),"Closed")} | U231: {=IFERROR(_xlfn.IFS((AND(S231=10,T231=1)),"L",(AND(S231=10,T231=2)),"H",(AND(S231=10,T231=4)),"VH",(AND(S231=10,T231=6)),"VH",(AND(S231=10,T231=8)),"VH",(AND(S231=10,T231=10)),"VH",(AND(S231=8,T231=1)),"L",(AND(S231=8,T231=2)),"M+",(AND(S231=8,T231=4)),"H",(AND(S231=8,T231=6)),"VH",(AND(S231=8,T231=8)),"VH",(AND(S231=8,T231=10)),"VH",(AND(S231=6,T231=1)),"L",(AND(S231=6,T231=2)),"M",(AND(S231=6,T231=4)),"M+",(AND(S231=6,T231=6)),"H",(AND(S231=6,T231=8)),"VH",(AND(S231=6,T231=10)),"VH",(AND(S231=4,T231=1)),"VL",(AND(S231=4,T231=2)),"L",(AND(S231=4,T231=4)),"M",(AND(S231=4,T231=6)),"M+",(AND(S231=4,T231=8)),"H",(AND(S231=4,T231=10)),"VH",(AND(S231=2,T231=1)),"VL",(AND(S231=2,T231=2)),"VL",(AND(S231=2,T231=4)),"L",(AND(S231=2,T231=6)),"M",(AND(S231=2,T231=8)),"H",(AND(S231=2,T231=10)),"H",(AND(S231=1,T231=1)),"VL",(AND(S231=1,T231=2)),"VL",(AND(S231=1,T231=4)),"L",(AND(S231=1,T231=6)),"L",(AND(S231=1,T231=8)),"M+",(AND(S231=1,T231=10)),"H"),"")}
J232: {=IFERROR(_xlfn.IFS((AND(H232=10,I232=1)),"L",(AND(H232=10,I232=2)),"H",(AND(H232=10,I232=4)),"VH",(AND(H232=10,I232=6)),"VH",(AND(H232=10,I232=8)),"VH",(AND(H232=10,I232=10)),"VH",(AND(H232=8,I232=1)),"L",(AND(H232=8,I232=2)),"M+",(AND(H232=8,I232=4)),"H",(AND(H232=8,I232=6)),"VH",(AND(H232=8,I232=8)),"VH",(AND(H232=8,I232=10)),"VH",(AND(H232=6,I232=1)),"L",(AND(H232=6,I232=2)),"M",(AND(H232=6,I232=4)),"M+",(AND(H232=6,I232=6)),"H",(AND(H232=6,I232=8)),"VH",(AND(H232=6,I232=10)),"VH",(AND(H232=4,I232=1)),"VL",(AND(H232=4,I232=2)),"L",(AND(H232=4,I232=4)),"M",(AND(H232=4,I232=6)),"M+",(AND(H232=4,I232=8)),"H",(AND(H232=4,I232=10)),"VH",(AND(H232=2,I232=1)),"VL",(AND(H232=2,I232=2)),"VL",(AND(H232=2,I232=4)),"L",(AND(H232=2,I232=6)),"M",(AND(H232=2,I232=8)),"H",(AND(H232=2,I232=10)),"H",(AND(H232=1,I232=1)),"VL",(AND(H232=1,I232=2)),"VL",(AND(H232=1,I232=4)),"L",(AND(H232=1,I232=6)),"L",(AND(H232=1,I232=8)),"M+",(AND(H232=1,I232=10)),"H"),"")} | U232: {=IFERROR(_xlfn.IFS((AND(S232=10,T232=1)),"L",(AND(S232=10,T232=2)),"H",(AND(S232=10,T232=4)),"VH",(AND(S232=10,T232=6)),"VH",(AND(S232=10,T232=8)),"VH",(AND(S232=10,T232=10)),"VH",(AND(S232=8,T232=1)),"L",(AND(S232=8,T232=2)),"M+",(AND(S232=8,T232=4)),"H",(AND(S232=8,T232=6)),"VH",(AND(S232=8,T232=8)),"VH",(AND(S232=8,T232=10)),"VH",(AND(S232=6,T232=1)),"L",(AND(S232=6,T232=2)),"M",(AND(S232=6,T232=4)),"M+",(AND(S232=6,T232=6)),"H",(AND(S232=6,T232=8)),"VH",(AND(S232=6,T232=10)),"VH",(AND(S232=4,T232=1)),"VL",(AND(S232=4,T232=2)),"L",(AND(S232=4,T232=4)),"M",(AND(S232=4,T232=6)),"M+",(AND(S232=4,T232=8)),"H",(AND(S232=4,T232=10)),"VH",(AND(S232=2,T232=1)),"VL",(AND(S232=2,T232=2)),"VL",(AND(S232=2,T232=4)),"L",(AND(S232=2,T232=6)),"M",(AND(S232=2,T232=8)),"H",(AND(S232=2,T232=10)),"H",(AND(S232=1,T232=1)),"VL",(AND(S232=1,T232=2)),"VL",(AND(S232=1,T232=4)),"L",(AND(S232=1,T232=6)),"L",(AND(S232=1,T232=8)),"M+",(AND(S232=1,T232=10)),"H"),"")}
J233: {=IFERROR(_xlfn.IFS((AND(H233=10,I233=1)),"L",(AND(H233=10,I233=2)),"H",(AND(H233=10,I233=4)),"VH",(AND(H233=10,I233=6)),"VH",(AND(H233=10,I233=8)),"VH",(AND(H233=10,I233=10)),"VH",(AND(H233=8,I233=1)),"L",(AND(H233=8,I233=2)),"M+",(AND(H233=8,I233=4)),"H",(AND(H233=8,I233=6)),"VH",(AND(H233=8,I233=8)),"VH",(AND(H233=8,I233=10)),"VH",(AND(H233=6,I233=1)),"L",(AND(H233=6,I233=2)),"M",(AND(H233=6,I233=4)),"M+",(AND(H233=6,I233=6)),"H",(AND(H233=6,I233=8)),"VH",(AND(H233=6,I233=10)),"VH",(AND(H233=4,I233=1)),"VL",(AND(H233=4,I233=2)),"L",(AND(H233=4,I233=4)),"M",(AND(H233=4,I233=6)),"M+",(AND(H233=4,I233=8)),"H",(AND(H233=4,I233=10)),"VH",(AND(H233=2,I233=1)),"VL",(AND(H233=2,I233=2)),"VL",(AND(H233=2,I233=4)),"L",(AND(H233=2,I233=6)),"M",(AND(H233=2,I233=8)),"H",(AND(H233=2,I233=10)),"H",(AND(H233=1,I233=1)),"VL",(AND(H233=1,I233=2)),"VL",(AND(H233=1,I233=4)),"L",(AND(H233=1,I233=6)),"L",(AND(H233=1,I233=8)),"M+",(AND(H233=1,I233=10)),"H"),"")} | U233: {=IFERROR(_xlfn.IFS((AND(S233=10,T233=1)),"L",(AND(S233=10,T233=2)),"H",(AND(S233=10,T233=4)),"VH",(AND(S233=10,T233=6)),"VH",(AND(S233=10,T233=8)),"VH",(AND(S233=10,T233=10)),"VH",(AND(S233=8,T233=1)),"L",(AND(S233=8,T233=2)),"M+",(AND(S233=8,T233=4)),"H",(AND(S233=8,T233=6)),"VH",(AND(S233=8,T233=8)),"VH",(AND(S233=8,T233=10)),"VH",(AND(S233=6,T233=1)),"L",(AND(S233=6,T233=2)),"M",(AND(S233=6,T233=4)),"M+",(AND(S233=6,T233=6)),"H",(AND(S233=6,T233=8)),"VH",(AND(S233=6,T233=10)),"VH",(AND(S233=4,T233=1)),"VL",(AND(S233=4,T233=2)),"L",(AND(S233=4,T233=4)),"M",(AND(S233=4,T233=6)),"M+",(AND(S233=4,T233=8)),"H",(AND(S233=4,T233=10)),"VH",(AND(S233=2,T233=1)),"VL",(AND(S233=2,T233=2)),"VL",(AND(S233=2,T233=4)),"L",(AND(S233=2,T233=6)),"M",(AND(S233=2,T233=8)),"H",(AND(S233=2,T233=10)),"H",(AND(S233=1,T233=1)),"VL",(AND(S233=1,T233=2)),"VL",(AND(S233=1,T233=4)),"L",(AND(S233=1,T233=6)),"L",(AND(S233=1,T233=8)),"M+",(AND(S233=1,T233=10)),"H"),"")}
J234: {=IFERROR(_xlfn.IFS((AND(H234=10,I234=1)),"L",(AND(H234=10,I234=2)),"H",(AND(H234=10,I234=4)),"VH",(AND(H234=10,I234=6)),"VH",(AND(H234=10,I234=8)),"VH",(AND(H234=10,I234=10)),"VH",(AND(H234=8,I234=1)),"L",(AND(H234=8,I234=2)),"M+",(AND(H234=8,I234=4)),"H",(AND(H234=8,I234=6)),"VH",(AND(H234=8,I234=8)),"VH",(AND(H234=8,I234=10)),"VH",(AND(H234=6,I234=1)),"L",(AND(H234=6,I234=2)),"M",(AND(H234=6,I234=4)),"M+",(AND(H234=6,I234=6)),"H",(AND(H234=6,I234=8)),"VH",(AND(H234=6,I234=10)),"VH",(AND(H234=4,I234=1)),"VL",(AND(H234=4,I234=2)),"L",(AND(H234=4,I234=4)),"M",(AND(H234=4,I234=6)),"M+",(AND(H234=4,I234=8)),"H",(AND(H234=4,I234=10)),"VH",(AND(H234=2,I234=1)),"VL",(AND(H234=2,I234=2)),"VL",(AND(H234=2,I234=4)),"L",(AND(H234=2,I234=6)),"M",(AND(H234=2,I234=8)),"H",(AND(H234=2,I234=10)),"H",(AND(H234=1,I234=1)),"VL",(AND(H234=1,I234=2)),"VL",(AND(H234=1,I234=4)),"L",(AND(H234=1,I234=6)),"L",(AND(H234=1,I234=8)),"M+",(AND(H234=1,I234=10)),"H"),"")} | U234: {=IFERROR(_xlfn.IFS((AND(S234=10,T234=1)),"L",(AND(S234=10,T234=2)),"H",(AND(S234=10,T234=4)),"VH",(AND(S234=10,T234=6)),"VH",(AND(S234=10,T234=8)),"VH",(AND(S234=10,T234=10)),"VH",(AND(S234=8,T234=1)),"L",(AND(S234=8,T234=2)),"M+",(AND(S234=8,T234=4)),"H",(AND(S234=8,T234=6)),"VH",(AND(S234=8,T234=8)),"VH",(AND(S234=8,T234=10)),"VH",(AND(S234=6,T234=1)),"L",(AND(S234=6,T234=2)),"M",(AND(S234=6,T234=4)),"M+",(AND(S234=6,T234=6)),"H",(AND(S234=6,T234=8)),"VH",(AND(S234=6,T234=10)),"VH",(AND(S234=4,T234=1)),"VL",(AND(S234=4,T234=2)),"L",(AND(S234=4,T234=4)),"M",(AND(S234=4,T234=6)),"M+",(AND(S234=4,T234=8)),"H",(AND(S234=4,T234=10)),"VH",(AND(S234=2,T234=1)),"VL",(AND(S234=2,T234=2)),"VL",(AND(S234=2,T234=4)),"L",(AND(S234=2,T234=6)),"M",(AND(S234=2,T234=8)),"H",(AND(S234=2,T234=10)),"H",(AND(S234=1,T234=1)),"VL",(AND(S234=1,T234=2)),"VL",(AND(S234=1,T234=4)),"L",(AND(S234=1,T234=6)),"L",(AND(S234=1,T234=8)),"M+",(AND(S234=1,T234=10)),"H"),"")}
J235: {=IFERROR(_xlfn.IFS((AND(H235=10,I235=1)),"L",(AND(H235=10,I235=2)),"H",(AND(H235=10,I235=4)),"VH",(AND(H235=10,I235=6)),"VH",(AND(H235=10,I235=8)),"VH",(AND(H235=10,I235=10)),"VH",(AND(H235=8,I235=1)),"L",(AND(H235=8,I235=2)),"M+",(AND(H235=8,I235=4)),"H",(AND(H235=8,I235=6)),"VH",(AND(H235=8,I235=8)),"VH",(AND(H235=8,I235=10)),"VH",(AND(H235=6,I235=1)),"L",(AND(H235=6,I235=2)),"M",(AND(H235=6,I235=4)),"M+",(AND(H235=6,I235=6)),"H",(AND(H235=6,I235=8)),"VH",(AND(H235=6,I235=10)),"VH",(AND(H235=4,I235=1)),"VL",(AND(H235=4,I235=2)),"L",(AND(H235=4,I235=4)),"M",(AND(H235=4,I235=6)),"M+",(AND(H235=4,I235=8)),"H",(AND(H235=4,I235=10)),"VH",(AND(H235=2,I235=1)),"VL",(AND(H235=2,I235=2)),"VL",(AND(H235=2,I235=4)),"L",(AND(H235=2,I235=6)),"M",(AND(H235=2,I235=8)),"H",(AND(H235=2,I235=10)),"H",(AND(H235=1,I235=1)),"VL",(AND(H235=1,I235=2)),"VL",(AND(H235=1,I235=4)),"L",(AND(H235=1,I235=6)),"L",(AND(H235=1,I235=8)),"M+",(AND(H235=1,I235=10)),"H"),"")} | U235: {=IFERROR(_xlfn.IFS((AND(S235=10,T235=1)),"L",(AND(S235=10,T235=2)),"H",(AND(S235=10,T235=4)),"VH",(AND(S235=10,T235=6)),"VH",(AND(S235=10,T235=8)),"VH",(AND(S235=10,T235=10)),"VH",(AND(S235=8,T235=1)),"L",(AND(S235=8,T235=2)),"M+",(AND(S235=8,T235=4)),"H",(AND(S235=8,T235=6)),"VH",(AND(S235=8,T235=8)),"VH",(AND(S235=8,T235=10)),"VH",(AND(S235=6,T235=1)),"L",(AND(S235=6,T235=2)),"M",(AND(S235=6,T235=4)),"M+",(AND(S235=6,T235=6)),"H",(AND(S235=6,T235=8)),"VH",(AND(S235=6,T235=10)),"VH",(AND(S235=4,T235=1)),"VL",(AND(S235=4,T235=2)),"L",(AND(S235=4,T235=4)),"M",(AND(S235=4,T235=6)),"M+",(AND(S235=4,T235=8)),"H",(AND(S235=4,T235=10)),"VH",(AND(S235=2,T235=1)),"VL",(AND(S235=2,T235=2)),"VL",(AND(S235=2,T235=4)),"L",(AND(S235=2,T235=6)),"M",(AND(S235=2,T235=8)),"H",(AND(S235=2,T235=10)),"H",(AND(S235=1,T235=1)),"VL",(AND(S235=1,T235=2)),"VL",(AND(S235=1,T235=4)),"L",(AND(S235=1,T235=6)),"L",(AND(S235=1,T235=8)),"M+",(AND(S235=1,T235=10)),"H"),"")}
J236: {=IFERROR(_xlfn.IFS((AND(H236=10,I236=1)),"L",(AND(H236=10,I236=2)),"H",(AND(H236=10,I236=4)),"VH",(AND(H236=10,I236=6)),"VH",(AND(H236=10,I236=8)),"VH",(AND(H236=10,I236=10)),"VH",(AND(H236=8,I236=1)),"L",(AND(H236=8,I236=2)),"M+",(AND(H236=8,I236=4)),"H",(AND(H236=8,I236=6)),"VH",(AND(H236=8,I236=8)),"VH",(AND(H236=8,I236=10)),"VH",(AND(H236=6,I236=1)),"L",(AND(H236=6,I236=2)),"M",(AND(H236=6,I236=4)),"M+",(AND(H236=6,I236=6)),"H",(AND(H236=6,I236=8)),"VH",(AND(H236=6,I236=10)),"VH",(AND(H236=4,I236=1)),"VL",(AND(H236=4,I236=2)),"L",(AND(H236=4,I236=4)),"M",(AND(H236=4,I236=6)),"M+",(AND(H236=4,I236=8)),"H",(AND(H236=4,I236=10)),"VH",(AND(H236=2,I236=1)),"VL",(AND(H236=2,I236=2)),"VL",(AND(H236=2,I236=4)),"L",(AND(H236=2,I236=6)),"M",(AND(H236=2,I236=8)),"H",(AND(H236=2,I236=10)),"H",(AND(H236=1,I236=1)),"VL",(AND(H236=1,I236=2)),"VL",(AND(H236=1,I236=4)),"L",(AND(H236=1,I236=6)),"L",(AND(H236=1,I236=8)),"M+",(AND(H236=1,I236=10)),"H"),"")} | U236: {=IFERROR(_xlfn.IFS((AND(S236=10,T236=1)),"L",(AND(S236=10,T236=2)),"H",(AND(S236=10,T236=4)),"VH",(AND(S236=10,T236=6)),"VH",(AND(S236=10,T236=8)),"VH",(AND(S236=10,T236=10)),"VH",(AND(S236=8,T236=1)),"L",(AND(S236=8,T236=2)),"M+",(AND(S236=8,T236=4)),"H",(AND(S236=8,T236=6)),"VH",(AND(S236=8,T236=8)),"VH",(AND(S236=8,T236=10)),"VH",(AND(S236=6,T236=1)),"L",(AND(S236=6,T236=2)),"M",(AND(S236=6,T236=4)),"M+",(AND(S236=6,T236=6)),"H",(AND(S236=6,T236=8)),"VH",(AND(S236=6,T236=10)),"VH",(AND(S236=4,T236=1)),"VL",(AND(S236=4,T236=2)),"L",(AND(S236=4,T236=4)),"M",(AND(S236=4,T236=6)),"M+",(AND(S236=4,T236=8)),"H",(AND(S236=4,T236=10)),"VH",(AND(S236=2,T236=1)),"VL",(AND(S236=2,T236=2)),"VL",(AND(S236=2,T236=4)),"L",(AND(S236=2,T236=6)),"M",(AND(S236=2,T236=8)),"H",(AND(S236=2,T236=10)),"H",(AND(S236=1,T236=1)),"VL",(AND(S236=1,T236=2)),"VL",(AND(S236=1,T236=4)),"L",(AND(S236=1,T236=6)),"L",(AND(S236=1,T236=8)),"M+",(AND(S236=1,T236=10)),"H"),"")}
J237: {=IFERROR(_xlfn.IFS((AND(H237=10,I237=1)),"L",(AND(H237=10,I237=2)),"H",(AND(H237=10,I237=4)),"VH",(AND(H237=10,I237=6)),"VH",(AND(H237=10,I237=8)),"VH",(AND(H237=10,I237=10)),"VH",(AND(H237=8,I237=1)),"L",(AND(H237=8,I237=2)),"M+",(AND(H237=8,I237=4)),"H",(AND(H237=8,I237=6)),"VH",(AND(H237=8,I237=8)),"VH",(AND(H237=8,I237=10)),"VH",(AND(H237=6,I237=1)),"L",(AND(H237=6,I237=2)),"M",(AND(H237=6,I237=4)),"M+",(AND(H237=6,I237=6)),"H",(AND(H237=6,I237=8)),"VH",(AND(H237=6,I237=10)),"VH",(AND(H237=4,I237=1)),"VL",(AND(H237=4,I237=2)),"L",(AND(H237=4,I237=4)),"M",(AND(H237=4,I237=6)),"M+",(AND(H237=4,I237=8)),"H",(AND(H237=4,I237=10)),"VH",(AND(H237=2,I237=1)),"VL",(AND(H237=2,I237=2)),"VL",(AND(H237=2,I237=4)),"L",(AND(H237=2,I237=6)),"M",(AND(H237=2,I237=8)),"H",(AND(H237=2,I237=10)),"H",(AND(H237=1,I237=1)),"VL",(AND(H237=1,I237=2)),"VL",(AND(H237=1,I237=4)),"L",(AND(H237=1,I237=6)),"L",(AND(H237=1,I237=8)),"M+",(AND(H237=1,I237=10)),"H"),"")} | U237: {=IFERROR(_xlfn.IFS((AND(S237=10,T237=1)),"L",(AND(S237=10,T237=2)),"H",(AND(S237=10,T237=4)),"VH",(AND(S237=10,T237=6)),"VH",(AND(S237=10,T237=8)),"VH",(AND(S237=10,T237=10)),"VH",(AND(S237=8,T237=1)),"L",(AND(S237=8,T237=2)),"M+",(AND(S237=8,T237=4)),"H",(AND(S237=8,T237=6)),"VH",(AND(S237=8,T237=8)),"VH",(AND(S237=8,T237=10)),"VH",(AND(S237=6,T237=1)),"L",(AND(S237=6,T237=2)),"M",(AND(S237=6,T237=4)),"M+",(AND(S237=6,T237=6)),"H",(AND(S237=6,T237=8)),"VH",(AND(S237=6,T237=10)),"VH",(AND(S237=4,T237=1)),"VL",(AND(S237=4,T237=2)),"L",(AND(S237=4,T237=4)),"M",(AND(S237=4,T237=6)),"M+",(AND(S237=4,T237=8)),"H",(AND(S237=4,T237=10)),"VH",(AND(S237=2,T237=1)),"VL",(AND(S237=2,T237=2)),"VL",(AND(S237=2,T237=4)),"L",(AND(S237=2,T237=6)),"M",(AND(S237=2,T237=8)),"H",(AND(S237=2,T237=10)),"H",(AND(S237=1,T237=1)),"VL",(AND(S237=1,T237=2)),"VL",(AND(S237=1,T237=4)),"L",(AND(S237=1,T237=6)),"L",(AND(S237=1,T237=8)),"M+",(AND(S237=1,T237=10)),"H"),"")}
J238: {=IFERROR(_xlfn.IFS((AND(H238=10,I238=1)),"L",(AND(H238=10,I238=2)),"H",(AND(H238=10,I238=4)),"VH",(AND(H238=10,I238=6)),"VH",(AND(H238=10,I238=8)),"VH",(AND(H238=10,I238=10)),"VH",(AND(H238=8,I238=1)),"L",(AND(H238=8,I238=2)),"M+",(AND(H238=8,I238=4)),"H",(AND(H238=8,I238=6)),"VH",(AND(H238=8,I238=8)),"VH",(AND(H238=8,I238=10)),"VH",(AND(H238=6,I238=1)),"L",(AND(H238=6,I238=2)),"M",(AND(H238=6,I238=4)),"M+",(AND(H238=6,I238=6)),"H",(AND(H238=6,I238=8)),"VH",(AND(H238=6,I238=10)),"VH",(AND(H238=4,I238=1)),"VL",(AND(H238=4,I238=2)),"L",(AND(H238=4,I238=4)),"M",(AND(H238=4,I238=6)),"M+",(AND(H238=4,I238=8)),"H",(AND(H238=4,I238=10)),"VH",(AND(H238=2,I238=1)),"VL",(AND(H238=2,I238=2)),"VL",(AND(H238=2,I238=4)),"L",(AND(H238=2,I238=6)),"M",(AND(H238=2,I238=8)),"H",(AND(H238=2,I238=10)),"H",(AND(H238=1,I238=1)),"VL",(AND(H238=1,I238=2)),"VL",(AND(H238=1,I238=4)),"L",(AND(H238=1,I238=6)),"L",(AND(H238=1,I238=8)),"M+",(AND(H238=1,I238=10)),"H"),"")} | U238: {=IFERROR(_xlfn.IFS((AND(S238=10,T238=1)),"L",(AND(S238=10,T238=2)),"H",(AND(S238=10,T238=4)),"VH",(AND(S238=10,T238=6)),"VH",(AND(S238=10,T238=8)),"VH",(AND(S238=10,T238=10)),"VH",(AND(S238=8,T238=1)),"L",(AND(S238=8,T238=2)),"M+",(AND(S238=8,T238=4)),"H",(AND(S238=8,T238=6)),"VH",(AND(S238=8,T238=8)),"VH",(AND(S238=8,T238=10)),"VH",(AND(S238=6,T238=1)),"L",(AND(S238=6,T238=2)),"M",(AND(S238=6,T238=4)),"M+",(AND(S238=6,T238=6)),"H",(AND(S238=6,T238=8)),"VH",(AND(S238=6,T238=10)),"VH",(AND(S238=4,T238=1)),"VL",(AND(S238=4,T238=2)),"L",(AND(S238=4,T238=4)),"M",(AND(S238=4,T238=6)),"M+",(AND(S238=4,T238=8)),"H",(AND(S238=4,T238=10)),"VH",(AND(S238=2,T238=1)),"VL",(AND(S238=2,T238=2)),"VL",(AND(S238=2,T238=4)),"L",(AND(S238=2,T238=6)),"M",(AND(S238=2,T238=8)),"H",(AND(S238=2,T238=10)),"H",(AND(S238=1,T238=1)),"VL",(AND(S238=1,T238=2)),"VL",(AND(S238=1,T238=4)),"L",(AND(S238=1,T238=6)),"L",(AND(S238=1,T238=8)),"M+",(AND(S238=1,T238=10)),"H"),"")}
J239: {=IFERROR(_xlfn.IFS((AND(H239=10,I239=1)),"L",(AND(H239=10,I239=2)),"H",(AND(H239=10,I239=4)),"VH",(AND(H239=10,I239=6)),"VH",(AND(H239=10,I239=8)),"VH",(AND(H239=10,I239=10)),"VH",(AND(H239=8,I239=1)),"L",(AND(H239=8,I239=2)),"M+",(AND(H239=8,I239=4)),"H",(AND(H239=8,I239=6)),"VH",(AND(H239=8,I239=8)),"VH",(AND(H239=8,I239=10)),"VH",(AND(H239=6,I239=1)),"L",(AND(H239=6,I239=2)),"M",(AND(H239=6,I239=4)),"M+",(AND(H239=6,I239=6)),"H",(AND(H239=6,I239=8)),"VH",(AND(H239=6,I239=10)),"VH",(AND(H239=4,I239=1)),"VL",(AND(H239=4,I239=2)),"L",(AND(H239=4,I239=4)),"M",(AND(H239=4,I239=6)),"M+",(AND(H239=4,I239=8)),"H",(AND(H239=4,I239=10)),"VH",(AND(H239=2,I239=1)),"VL",(AND(H239=2,I239=2)),"VL",(AND(H239=2,I239=4)),"L",(AND(H239=2,I239=6)),"M",(AND(H239=2,I239=8)),"H",(AND(H239=2,I239=10)),"H",(AND(H239=1,I239=1)),"VL",(AND(H239=1,I239=2)),"VL",(AND(H239=1,I239=4)),"L",(AND(H239=1,I239=6)),"L",(AND(H239=1,I239=8)),"M+",(AND(H239=1,I239=10)),"H"),"")} | U239: {=IFERROR(_xlfn.IFS((AND(S239=10,T239=1)),"L",(AND(S239=10,T239=2)),"H",(AND(S239=10,T239=4)),"VH",(AND(S239=10,T239=6)),"VH",(AND(S239=10,T239=8)),"VH",(AND(S239=10,T239=10)),"VH",(AND(S239=8,T239=1)),"L",(AND(S239=8,T239=2)),"M+",(AND(S239=8,T239=4)),"H",(AND(S239=8,T239=6)),"VH",(AND(S239=8,T239=8)),"VH",(AND(S239=8,T239=10)),"VH",(AND(S239=6,T239=1)),"L",(AND(S239=6,T239=2)),"M",(AND(S239=6,T239=4)),"M+",(AND(S239=6,T239=6)),"H",(AND(S239=6,T239=8)),"VH",(AND(S239=6,T239=10)),"VH",(AND(S239=4,T239=1)),"VL",(AND(S239=4,T239=2)),"L",(AND(S239=4,T239=4)),"M",(AND(S239=4,T239=6)),"M+",(AND(S239=4,T239=8)),"H",(AND(S239=4,T239=10)),"VH",(AND(S239=2,T239=1)),"VL",(AND(S239=2,T239=2)),"VL",(AND(S239=2,T239=4)),"L",(AND(S239=2,T239=6)),"M",(AND(S239=2,T239=8)),"H",(AND(S239=2,T239=10)),"H",(AND(S239=1,T239=1)),"VL",(AND(S239=1,T239=2)),"VL",(AND(S239=1,T239=4)),"L",(AND(S239=1,T239=6)),"L",(AND(S239=1,T239=8)),"M+",(AND(S239=1,T239=10)),"H"),"")}
J240: {=IFERROR(_xlfn.IFS((AND(H240=10,I240=1)),"L",(AND(H240=10,I240=2)),"H",(AND(H240=10,I240=4)),"VH",(AND(H240=10,I240=6)),"VH",(AND(H240=10,I240=8)),"VH",(AND(H240=10,I240=10)),"VH",(AND(H240=8,I240=1)),"L",(AND(H240=8,I240=2)),"M+",(AND(H240=8,I240=4)),"H",(AND(H240=8,I240=6)),"VH",(AND(H240=8,I240=8)),"VH",(AND(H240=8,I240=10)),"VH",(AND(H240=6,I240=1)),"L",(AND(H240=6,I240=2)),"M",(AND(H240=6,I240=4)),"M+",(AND(H240=6,I240=6)),"H",(AND(H240=6,I240=8)),"VH",(AND(H240=6,I240=10)),"VH",(AND(H240=4,I240=1)),"VL",(AND(H240=4,I240=2)),"L",(AND(H240=4,I240=4)),"M",(AND(H240=4,I240=6)),"M+",(AND(H240=4,I240=8)),"H",(AND(H240=4,I240=10)),"VH",(AND(H240=2,I240=1)),"VL",(AND(H240=2,I240=2)),"VL",(AND(H240=2,I240=4)),"L",(AND(H240=2,I240=6)),"M",(AND(H240=2,I240=8)),"H",(AND(H240=2,I240=10)),"H",(AND(H240=1,I240=1)),"VL",(AND(H240=1,I240=2)),"VL",(AND(H240=1,I240=4)),"L",(AND(H240=1,I240=6)),"L",(AND(H240=1,I240=8)),"M+",(AND(H240=1,I240=10)),"H"),"")} | U240: {=IFERROR(_xlfn.IFS((AND(S240=10,T240=1)),"L",(AND(S240=10,T240=2)),"H",(AND(S240=10,T240=4)),"VH",(AND(S240=10,T240=6)),"VH",(AND(S240=10,T240=8)),"VH",(AND(S240=10,T240=10)),"VH",(AND(S240=8,T240=1)),"L",(AND(S240=8,T240=2)),"M+",(AND(S240=8,T240=4)),"H",(AND(S240=8,T240=6)),"VH",(AND(S240=8,T240=8)),"VH",(AND(S240=8,T240=10)),"VH",(AND(S240=6,T240=1)),"L",(AND(S240=6,T240=2)),"M",(AND(S240=6,T240=4)),"M+",(AND(S240=6,T240=6)),"H",(AND(S240=6,T240=8)),"VH",(AND(S240=6,T240=10)),"VH",(AND(S240=4,T240=1)),"VL",(AND(S240=4,T240=2)),"L",(AND(S240=4,T240=4)),"M",(AND(S240=4,T240=6)),"M+",(AND(S240=4,T240=8)),"H",(AND(S240=4,T240=10)),"VH",(AND(S240=2,T240=1)),"VL",(AND(S240=2,T240=2)),"VL",(AND(S240=2,T240=4)),"L",(AND(S240=2,T240=6)),"M",(AND(S240=2,T240=8)),"H",(AND(S240=2,T240=10)),"H",(AND(S240=1,T240=1)),"VL",(AND(S240=1,T240=2)),"VL",(AND(S240=1,T240=4)),"L",(AND(S240=1,T240=6)),"L",(AND(S240=1,T240=8)),"M+",(AND(S240=1,T240=10)),"H"),"")}
J241: {=IFERROR(_xlfn.IFS((AND(H241=10,I241=1)),"L",(AND(H241=10,I241=2)),"H",(AND(H241=10,I241=4)),"VH",(AND(H241=10,I241=6)),"VH",(AND(H241=10,I241=8)),"VH",(AND(H241=10,I241=10)),"VH",(AND(H241=8,I241=1)),"L",(AND(H241=8,I241=2)),"M+",(AND(H241=8,I241=4)),"H",(AND(H241=8,I241=6)),"VH",(AND(H241=8,I241=8)),"VH",(AND(H241=8,I241=10)),"VH",(AND(H241=6,I241=1)),"L",(AND(H241=6,I241=2)),"M",(AND(H241=6,I241=4)),"M+",(AND(H241=6,I241=6)),"H",(AND(H241=6,I241=8)),"VH",(AND(H241=6,I241=10)),"VH",(AND(H241=4,I241=1)),"VL",(AND(H241=4,I241=2)),"L",(AND(H241=4,I241=4)),"M",(AND(H241=4,I241=6)),"M+",(AND(H241=4,I241=8)),"H",(AND(H241=4,I241=10)),"VH",(AND(H241=2,I241=1)),"VL",(AND(H241=2,I241=2)),"VL",(AND(H241=2,I241=4)),"L",(AND(H241=2,I241=6)),"M",(AND(H241=2,I241=8)),"H",(AND(H241=2,I241=10)),"H",(AND(H241=1,I241=1)),"VL",(AND(H241=1,I241=2)),"VL",(AND(H241=1,I241=4)),"L",(AND(H241=1,I241=6)),"L",(AND(H241=1,I241=8)),"M+",(AND(H241=1,I241=10)),"H"),"")} | U241: {=IFERROR(_xlfn.IFS((AND(S241=10,T241=1)),"L",(AND(S241=10,T241=2)),"H",(AND(S241=10,T241=4)),"VH",(AND(S241=10,T241=6)),"VH",(AND(S241=10,T241=8)),"VH",(AND(S241=10,T241=10)),"VH",(AND(S241=8,T241=1)),"L",(AND(S241=8,T241=2)),"M+",(AND(S241=8,T241=4)),"H",(AND(S241=8,T241=6)),"VH",(AND(S241=8,T241=8)),"VH",(AND(S241=8,T241=10)),"VH",(AND(S241=6,T241=1)),"L",(AND(S241=6,T241=2)),"M",(AND(S241=6,T241=4)),"M+",(AND(S241=6,T241=6)),"H",(AND(S241=6,T241=8)),"VH",(AND(S241=6,T241=10)),"VH",(AND(S241=4,T241=1)),"VL",(AND(S241=4,T241=2)),"L",(AND(S241=4,T241=4)),"M",(AND(S241=4,T241=6)),"M+",(AND(S241=4,T241=8)),"H",(AND(S241=4,T241=10)),"VH",(AND(S241=2,T241=1)),"VL",(AND(S241=2,T241=2)),"VL",(AND(S241=2,T241=4)),"L",(AND(S241=2,T241=6)),"M",(AND(S241=2,T241=8)),"H",(AND(S241=2,T241=10)),"H",(AND(S241=1,T241=1)),"VL",(AND(S241=1,T241=2)),"VL",(AND(S241=1,T241=4)),"L",(AND(S241=1,T241=6)),"L",(AND(S241=1,T241=8)),"M+",(AND(S241=1,T241=10)),"H"),"")}
J242: {=IFERROR(_xlfn.IFS((AND(H242=10,I242=1)),"L",(AND(H242=10,I242=2)),"H",(AND(H242=10,I242=4)),"VH",(AND(H242=10,I242=6)),"VH",(AND(H242=10,I242=8)),"VH",(AND(H242=10,I242=10)),"VH",(AND(H242=8,I242=1)),"L",(AND(H242=8,I242=2)),"M+",(AND(H242=8,I242=4)),"H",(AND(H242=8,I242=6)),"VH",(AND(H242=8,I242=8)),"VH",(AND(H242=8,I242=10)),"VH",(AND(H242=6,I242=1)),"L",(AND(H242=6,I242=2)),"M",(AND(H242=6,I242=4)),"M+",(AND(H242=6,I242=6)),"H",(AND(H242=6,I242=8)),"VH",(AND(H242=6,I242=10)),"VH",(AND(H242=4,I242=1)),"VL",(AND(H242=4,I242=2)),"L",(AND(H242=4,I242=4)),"M",(AND(H242=4,I242=6)),"M+",(AND(H242=4,I242=8)),"H",(AND(H242=4,I242=10)),"VH",(AND(H242=2,I242=1)),"VL",(AND(H242=2,I242=2)),"VL",(AND(H242=2,I242=4)),"L",(AND(H242=2,I242=6)),"M",(AND(H242=2,I242=8)),"H",(AND(H242=2,I242=10)),"H",(AND(H242=1,I242=1)),"VL",(AND(H242=1,I242=2)),"VL",(AND(H242=1,I242=4)),"L",(AND(H242=1,I242=6)),"L",(AND(H242=1,I242=8)),"M+",(AND(H242=1,I242=10)),"H"),"")} | U242: {=IFERROR(_xlfn.IFS((AND(S242=10,T242=1)),"L",(AND(S242=10,T242=2)),"H",(AND(S242=10,T242=4)),"VH",(AND(S242=10,T242=6)),"VH",(AND(S242=10,T242=8)),"VH",(AND(S242=10,T242=10)),"VH",(AND(S242=8,T242=1)),"L",(AND(S242=8,T242=2)),"M+",(AND(S242=8,T242=4)),"H",(AND(S242=8,T242=6)),"VH",(AND(S242=8,T242=8)),"VH",(AND(S242=8,T242=10)),"VH",(AND(S242=6,T242=1)),"L",(AND(S242=6,T242=2)),"M",(AND(S242=6,T242=4)),"M+",(AND(S242=6,T242=6)),"H",(AND(S242=6,T242=8)),"VH",(AND(S242=6,T242=10)),"VH",(AND(S242=4,T242=1)),"VL",(AND(S242=4,T242=2)),"L",(AND(S242=4,T242=4)),"M",(AND(S242=4,T242=6)),"M+",(AND(S242=4,T242=8)),"H",(AND(S242=4,T242=10)),"VH",(AND(S242=2,T242=1)),"VL",(AND(S242=2,T242=2)),"VL",(AND(S242=2,T242=4)),"L",(AND(S242=2,T242=6)),"M",(AND(S242=2,T242=8)),"H",(AND(S242=2,T242=10)),"H",(AND(S242=1,T242=1)),"VL",(AND(S242=1,T242=2)),"VL",(AND(S242=1,T242=4)),"L",(AND(S242=1,T242=6)),"L",(AND(S242=1,T242=8)),"M+",(AND(S242=1,T242=10)),"H"),"")}
J243: {=IFERROR(_xlfn.IFS((AND(H243=10,I243=1)),"L",(AND(H243=10,I243=2)),"H",(AND(H243=10,I243=4)),"VH",(AND(H243=10,I243=6)),"VH",(AND(H243=10,I243=8)),"VH",(AND(H243=10,I243=10)),"VH",(AND(H243=8,I243=1)),"L",(AND(H243=8,I243=2)),"M+",(AND(H243=8,I243=4)),"H",(AND(H243=8,I243=6)),"VH",(AND(H243=8,I243=8)),"VH",(AND(H243=8,I243=10)),"VH",(AND(H243=6,I243=1)),"L",(AND(H243=6,I243=2)),"M",(AND(H243=6,I243=4)),"M+",(AND(H243=6,I243=6)),"H",(AND(H243=6,I243=8)),"VH",(AND(H243=6,I243=10)),"VH",(AND(H243=4,I243=1)),"VL",(AND(H243=4,I243=2)),"L",(AND(H243=4,I243=4)),"M",(AND(H243=4,I243=6)),"M+",(AND(H243=4,I243=8)),"H",(AND(H243=4,I243=10)),"VH",(AND(H243=2,I243=1)),"VL",(AND(H243=2,I243=2)),"VL",(AND(H243=2,I243=4)),"L",(AND(H243=2,I243=6)),"M",(AND(H243=2,I243=8)),"H",(AND(H243=2,I243=10)),"H",(AND(H243=1,I243=1)),"VL",(AND(H243=1,I243=2)),"VL",(AND(H243=1,I243=4)),"L",(AND(H243=1,I243=6)),"L",(AND(H243=1,I243=8)),"M+",(AND(H243=1,I243=10)),"H"),"")} | U243: {=IFERROR(_xlfn.IFS((AND(S243=10,T243=1)),"L",(AND(S243=10,T243=2)),"H",(AND(S243=10,T243=4)),"VH",(AND(S243=10,T243=6)),"VH",(AND(S243=10,T243=8)),"VH",(AND(S243=10,T243=10)),"VH",(AND(S243=8,T243=1)),"L",(AND(S243=8,T243=2)),"M+",(AND(S243=8,T243=4)),"H",(AND(S243=8,T243=6)),"VH",(AND(S243=8,T243=8)),"VH",(AND(S243=8,T243=10)),"VH",(AND(S243=6,T243=1)),"L",(AND(S243=6,T243=2)),"M",(AND(S243=6,T243=4)),"M+",(AND(S243=6,T243=6)),"H",(AND(S243=6,T243=8)),"VH",(AND(S243=6,T243=10)),"VH",(AND(S243=4,T243=1)),"VL",(AND(S243=4,T243=2)),"L",(AND(S243=4,T243=4)),"M",(AND(S243=4,T243=6)),"M+",(AND(S243=4,T243=8)),"H",(AND(S243=4,T243=10)),"VH",(AND(S243=2,T243=1)),"VL",(AND(S243=2,T243=2)),"VL",(AND(S243=2,T243=4)),"L",(AND(S243=2,T243=6)),"M",(AND(S243=2,T243=8)),"H",(AND(S243=2,T243=10)),"H",(AND(S243=1,T243=1)),"VL",(AND(S243=1,T243=2)),"VL",(AND(S243=1,T243=4)),"L",(AND(S243=1,T243=6)),"L",(AND(S243=1,T243=8)),"M+",(AND(S243=1,T243=10)),"H"),"")}
... J280: {=IFERROR(_xlfn.IFS((AND(H280=10,I280=1)),"L",(AND(H280=10,I280=2)),"H",(AND(H280=10,I280=4)),"VH",(AND(H280=10,I280=6)),"VH",(AND(H280=10,I280=8)),"VH",(AND(H280=10,I280=10)),"VH",(AND(H280=8,I280=1)),"L",(AND(H280=8,I280=2)),"M+",(AND(H280=8,I280=4)),"H",(AND(H280=8,I280=6)),"VH",(AND(H280=8,I280=8)),"VH",(AND(H280=8,I280=10)),"VH",(AND(H280=6,I280=1)),"L",(AND(H280=6,I280=2)),"M",(AND(H280=6,I280=4)),"M+",(AND(H280=6,I280=6)),"H",(AND(H280=6,I280=8)),"VH",(AND(H280=6,I280=10)),"VH",(AND(H280=4,I280=1)),"VL",(AND(H280=4,I280=2)),"L",(AND(H280=4,I280=4)),"M",(AND(H280=4,I280=6)),"M+",(AND(H280=4,I280=8)),"H",(AND(H280=4,I280=10)),"VH",(AND(H280=2,I280=1)),"VL",(AND(H280=2,I280=2)),"VL",(AND(H280=2,I280=4)),"L",(AND(H280=2,I280=6)),"M",(AND(H280=2,I280=8)),"H",(AND(H280=2,I280=10)),"H",(AND(H280=1,I280=1)),"VL",(AND(H280=1,I280=2)),"VL",(AND(H280=1,I280=4)),"L",(AND(H280=1,I280=6)),"L",(AND(H280=1,I280=8)),"M+",(AND(H280=1,I280=10)),"H"),"")} | U280: {=IFERROR(_xlfn.IFS((AND(S280=10,T280=1)),"L",(AND(S280=10,T280=2)),"H",(AND(S280=10,T280=4)),"VH",(AND(S280=10,T280=6)),"VH",(AND(S280=10,T280=8)),"VH",(AND(S280=10,T280=10)),"VH",(AND(S280=8,T280=1)),"L",(AND(S280=8,T280=2)),"M+",(AND(S280=8,T280=4)),"H",(AND(S280=8,T280=6)),"VH",(AND(S280=8,T280=8)),"VH",(AND(S280=8,T280=10)),"VH",(AND(S280=6,T280=1)),"L",(AND(S280=6,T280=2)),"M",(AND(S280=6,T280=4)),"M+",(AND(S280=6,T280=6)),"H",(AND(S280=6,T280=8)),"VH",(AND(S280=6,T280=10)),"VH",(AND(S280=4,T280=1)),"VL",(AND(S280=4,T280=2)),"L",(AND(S280=4,T280=4)),"M",(AND(S280=4,T280=6)),"M+",(AND(S280=4,T280=8)),"H",(AND(S280=4,T280=10)),"VH",(AND(S280=2,T280=1)),"VL",(AND(S280=2,T280=2)),"VL",(AND(S280=2,T280=4)),"L",(AND(S280=2,T280=6)),"M",(AND(S280=2,T280=8)),"H",(AND(S280=2,T280=10)),"H",(AND(S280=1,T280=1)),"VL",(AND(S280=1,T280=2)),"VL",(AND(S280=1,T280=4)),"L",(AND(S280=1,T280=6)),"L",(AND(S280=1,T280=8)),"M+",(AND(S280=1,T280=10)),"H"),"")}
J281: {=IFERROR(_xlfn.IFS((AND(H281=10,I281=1)),"L",(AND(H281=10,I281=2)),"H",(AND(H281=10,I281=4)),"VH",(AND(H281=10,I281=6)),"VH",(AND(H281=10,I281=8)),"VH",(AND(H281=10,I281=10)),"VH",(AND(H281=8,I281=1)),"L",(AND(H281=8,I281=2)),"M+",(AND(H281=8,I281=4)),"H",(AND(H281=8,I281=6)),"VH",(AND(H281=8,I281=8)),"VH",(AND(H281=8,I281=10)),"VH",(AND(H281=6,I281=1)),"L",(AND(H281=6,I281=2)),"M",(AND(H281=6,I281=4)),"M+",(AND(H281=6,I281=6)),"H",(AND(H281=6,I281=8)),"VH",(AND(H281=6,I281=10)),"VH",(AND(H281=4,I281=1)),"VL",(AND(H281=4,I281=2)),"L",(AND(H281=4,I281=4)),"M",(AND(H281=4,I281=6)),"M+",(AND(H281=4,I281=8)),"H",(AND(H281=4,I281=10)),"VH",(AND(H281=2,I281=1)),"VL",(AND(H281=2,I281=2)),"VL",(AND(H281=2,I281=4)),"L",(AND(H281=2,I281=6)),"M",(AND(H281=2,I281=8)),"H",(AND(H281=2,I281=10)),"H",(AND(H281=1,I281=1)),"VL",(AND(H281=1,I281=2)),"VL",(AND(H281=1,I281=4)),"L",(AND(H281=1,I281=6)),"L",(AND(H281=1,I281=8)),"M+",(AND(H281=1,I281=10)),"H"),"")}
J282: {=IFERROR(_xlfn.IFS((AND(H282=10,I282=1)),"L",(AND(H282=10,I282=2)),"H",(AND(H282=10,I282=4)),"VH",(AND(H282=10,I282=6)),"VH",(AND(H282=10,I282=8)),"VH",(AND(H282=10,I282=10)),"VH",(AND(H282=8,I282=1)),"L",(AND(H282=8,I282=2)),"M+",(AND(H282=8,I282=4)),"H",(AND(H282=8,I282=6)),"VH",(AND(H282=8,I282=8)),"VH",(AND(H282=8,I282=10)),"VH",(AND(H282=6,I282=1)),"L",(AND(H282=6,I282=2)),"M",(AND(H282=6,I282=4)),"M+",(AND(H282=6,I282=6)),"H",(AND(H282=6,I282=8)),"VH",(AND(H282=6,I282=10)),"VH",(AND(H282=4,I282=1)),"VL",(AND(H282=4,I282=2)),"L",(AND(H282=4,I282=4)),"M",(AND(H282=4,I282=6)),"M+",(AND(H282=4,I282=8)),"H",(AND(H282=4,I282=10)),"VH",(AND(H282=2,I282=1)),"VL",(AND(H282=2,I282=2)),"VL",(AND(H282=2,I282=4)),"L",(AND(H282=2,I282=6)),"M",(AND(H282=2,I282=8)),"H",(AND(H282=2,I282=10)),"H",(AND(H282=1,I282=1)),"VL",(AND(H282=1,I282=2)),"VL",(AND(H282=1,I282=4)),"L",(AND(H282=1,I282=6)),"L",(AND(H282=1,I282=8)),"M+",(AND(H282=1,I282=10)),"H"),"")}
J283: {=IFERROR(_xlfn.IFS((AND(H283=10,I283=1)),"L",(AND(H283=10,I283=2)),"H",(AND(H283=10,I283=4)),"VH",(AND(H283=10,I283=6)),"VH",(AND(H283=10,I283=8)),"VH",(AND(H283=10,I283=10)),"VH",(AND(H283=8,I283=1)),"L",(AND(H283=8,I283=2)),"M+",(AND(H283=8,I283=4)),"H",(AND(H283=8,I283=6)),"VH",(AND(H283=8,I283=8)),"VH",(AND(H283=8,I283=10)),"VH",(AND(H283=6,I283=1)),"L",(AND(H283=6,I283=2)),"M",(AND(H283=6,I283=4)),"M+",(AND(H283=6,I283=6)),"H",(AND(H283=6,I283=8)),"VH",(AND(H283=6,I283=10)),"VH",(AND(H283=4,I283=1)),"VL",(AND(H283=4,I283=2)),"L",(AND(H283=4,I283=4)),"M",(AND(H283=4,I283=6)),"M+",(AND(H283=4,I283=8)),"H",(AND(H283=4,I283=10)),"VH",(AND(H283=2,I283=1)),"VL",(AND(H283=2,I283=2)),"VL",(AND(H283=2,I283=4)),"L",(AND(H283=2,I283=6)),"M",(AND(H283=2,I283=8)),"H",(AND(H283=2,I283=10)),"H",(AND(H283=1,I283=1)),"VL",(AND(H283=1,I283=2)),"VL",(AND(H283=1,I283=4)),"L",(AND(H283=1,I283=6)),"L",(AND(H283=1,I283=8)),"M+",(AND(H283=1,I283=10)),"H"),"")}
J284: {=IFERROR(_xlfn.IFS((AND(H284=10,I284=1)),"L",(AND(H284=10,I284=2)),"H",(AND(H284=10,I284=4)),"VH",(AND(H284=10,I284=6)),"VH",(AND(H284=10,I284=8)),"VH",(AND(H284=10,I284=10)),"VH",(AND(H284=8,I284=1)),"L",(AND(H284=8,I284=2)),"M+",(AND(H284=8,I284=4)),"H",(AND(H284=8,I284=6)),"VH",(AND(H284=8,I284=8)),"VH",(AND(H284=8,I284=10)),"VH",(AND(H284=6,I284=1)),"L",(AND(H284=6,I284=2)),"M",(AND(H284=6,I284=4)),"M+",(AND(H284=6,I284=6)),"H",(AND(H284=6,I284=8)),"VH",(AND(H284=6,I284=10)),"VH",(AND(H284=4,I284=1)),"VL",(AND(H284=4,I284=2)),"L",(AND(H284=4,I284=4)),"M",(AND(H284=4,I284=6)),"M+",(AND(H284=4,I284=8)),"H",(AND(H284=4,I284=10)),"VH",(AND(H284=2,I284=1)),"VL",(AND(H284=2,I284=2)),"VL",(AND(H284=2,I284=4)),"L",(AND(H284=2,I284=6)),"M",(AND(H284=2,I284=8)),"H",(AND(H284=2,I284=10)),"H",(AND(H284=1,I284=1)),"VL",(AND(H284=1,I284=2)),"VL",(AND(H284=1,I284=4)),"L",(AND(H284=1,I284=6)),"L",(AND(H284=1,I284=8)),"M+",(AND(H284=1,I284=10)),"H"),"")}
J285: {=IFERROR(_xlfn.IFS((AND(H285=10,I285=1)),"L",(AND(H285=10,I285=2)),"H",(AND(H285=10,I285=4)),"VH",(AND(H285=10,I285=6)),"VH",(AND(H285=10,I285=8)),"VH",(AND(H285=10,I285=10)),"VH",(AND(H285=8,I285=1)),"L",(AND(H285=8,I285=2)),"M+",(AND(H285=8,I285=4)),"H",(AND(H285=8,I285=6)),"VH",(AND(H285=8,I285=8)),"VH",(AND(H285=8,I285=10)),"VH",(AND(H285=6,I285=1)),"L",(AND(H285=6,I285=2)),"M",(AND(H285=6,I285=4)),"M+",(AND(H285=6,I285=6)),"H",(AND(H285=6,I285=8)),"VH",(AND(H285=6,I285=10)),"VH",(AND(H285=4,I285=1)),"VL",(AND(H285=4,I285=2)),"L",(AND(H285=4,I285=4)),"M",(AND(H285=4,I285=6)),"M+",(AND(H285=4,I285=8)),"H",(AND(H285=4,I285=10)),"VH",(AND(H285=2,I285=1)),"VL",(AND(H285=2,I285=2)),"VL",(AND(H285=2,I285=4)),"L",(AND(H285=2,I285=6)),"M",(AND(H285=2,I285=8)),"H",(AND(H285=2,I285=10)),"H",(AND(H285=1,I285=1)),"VL",(AND(H285=1,I285=2)),"VL",(AND(H285=1,I285=4)),"L",(AND(H285=1,I285=6)),"L",(AND(H285=1,I285=8)),"M+",(AND(H285=1,I285=10)),"H"),"")}
J286: {=IFERROR(_xlfn.IFS((AND(H286=10,I286=1)),"L",(AND(H286=10,I286=2)),"H",(AND(H286=10,I286=4)),"VH",(AND(H286=10,I286=6)),"VH",(AND(H286=10,I286=8)),"VH",(AND(H286=10,I286=10)),"VH",(AND(H286=8,I286=1)),"L",(AND(H286=8,I286=2)),"M+",(AND(H286=8,I286=4)),"H",(AND(H286=8,I286=6)),"VH",(AND(H286=8,I286=8)),"VH",(AND(H286=8,I286=10)),"VH",(AND(H286=6,I286=1)),"L",(AND(H286=6,I286=2)),"M",(AND(H286=6,I286=4)),"M+",(AND(H286=6,I286=6)),"H",(AND(H286=6,I286=8)),"VH",(AND(H286=6,I286=10)),"VH",(AND(H286=4,I286=1)),"VL",(AND(H286=4,I286=2)),"L",(AND(H286=4,I286=4)),"M",(AND(H286=4,I286=6)),"M+",(AND(H286=4,I286=8)),"H",(AND(H286=4,I286=10)),"VH",(AND(H286=2,I286=1)),"VL",(AND(H286=2,I286=2)),"VL",(AND(H286=2,I286=4)),"L",(AND(H286=2,I286=6)),"M",(AND(H286=2,I286=8)),"H",(AND(H286=2,I286=10)),"H",(AND(H286=1,I286=1)),"VL",(AND(H286=1,I286=2)),"VL",(AND(H286=1,I286=4)),"L",(AND(H286=1,I286=6)),"L",(AND(H286=1,I286=8)),"M+",(AND(H286=1,I286=10)),"H"),"")}
J287: {=IFERROR(_xlfn.IFS((AND(H287=10,I287=1)),"L",(AND(H287=10,I287=2)),"H",(AND(H287=10,I287=4)),"VH",(AND(H287=10,I287=6)),"VH",(AND(H287=10,I287=8)),"VH",(AND(H287=10,I287=10)),"VH",(AND(H287=8,I287=1)),"L",(AND(H287=8,I287=2)),"M+",(AND(H287=8,I287=4)),"H",(AND(H287=8,I287=6)),"VH",(AND(H287=8,I287=8)),"VH",(AND(H287=8,I287=10)),"VH",(AND(H287=6,I287=1)),"L",(AND(H287=6,I287=2)),"M",(AND(H287=6,I287=4)),"M+",(AND(H287=6,I287=6)),"H",(AND(H287=6,I287=8)),"VH",(AND(H287=6,I287=10)),"VH",(AND(H287=4,I287=1)),"VL",(AND(H287=4,I287=2)),"L",(AND(H287=4,I287=4)),"M",(AND(H287=4,I287=6)),"M+",(AND(H287=4,I287=8)),"H",(AND(H287=4,I287=10)),"VH",(AND(H287=2,I287=1)),"VL",(AND(H287=2,I287=2)),"VL",(AND(H287=2,I287=4)),"L",(AND(H287=2,I287=6)),"M",(AND(H287=2,I287=8)),"H",(AND(H287=2,I287=10)),"H",(AND(H287=1,I287=1)),"VL",(AND(H287=1,I287=2)),"VL",(AND(H287=1,I287=4)),"L",(AND(H287=1,I287=6)),"L",(AND(H287=1,I287=8)),"M+",(AND(H287=1,I287=10)),"H"),"")}
J288: {=IFERROR(_xlfn.IFS((AND(H288=10,I288=1)),"L",(AND(H288=10,I288=2)),"H",(AND(H288=10,I288=4)),"VH",(AND(H288=10,I288=6)),"VH",(AND(H288=10,I288=8)),"VH",(AND(H288=10,I288=10)),"VH",(AND(H288=8,I288=1)),"L",(AND(H288=8,I288=2)),"M+",(AND(H288=8,I288=4)),"H",(AND(H288=8,I288=6)),"VH",(AND(H288=8,I288=8)),"VH",(AND(H288=8,I288=10)),"VH",(AND(H288=6,I288=1)),"L",(AND(H288=6,I288=2)),"M",(AND(H288=6,I288=4)),"M+",(AND(H288=6,I288=6)),"H",(AND(H288=6,I288=8)),"VH",(AND(H288=6,I288=10)),"VH",(AND(H288=4,I288=1)),"VL",(AND(H288=4,I288=2)),"L",(AND(H288=4,I288=4)),"M",(AND(H288=4,I288=6)),"M+",(AND(H288=4,I288=8)),"H",(AND(H288=4,I288=10)),"VH",(AND(H288=2,I288=1)),"VL",(AND(H288=2,I288=2)),"VL",(AND(H288=2,I288=4)),"L",(AND(H288=2,I288=6)),"M",(AND(H288=2,I288=8)),"H",(AND(H288=2,I288=10)),"H",(AND(H288=1,I288=1)),"VL",(AND(H288=1,I288=2)),"VL",(AND(H288=1,I288=4)),"L",(AND(H288=1,I288=6)),"L",(AND(H288=1,I288=8)),"M+",(AND(H288=1,I288=10)),"H"),"")}
J289: {=IFERROR(_xlfn.IFS((AND(H289=10,I289=1)),"L",(AND(H289=10,I289=2)),"H",(AND(H289=10,I289=4)),"VH",(AND(H289=10,I289=6)),"VH",(AND(H289=10,I289=8)),"VH",(AND(H289=10,I289=10)),"VH",(AND(H289=8,I289=1)),"L",(AND(H289=8,I289=2)),"M+",(AND(H289=8,I289=4)),"H",(AND(H289=8,I289=6)),"VH",(AND(H289=8,I289=8)),"VH",(AND(H289=8,I289=10)),"VH",(AND(H289=6,I289=1)),"L",(AND(H289=6,I289=2)),"M",(AND(H289=6,I289=4)),"M+",(AND(H289=6,I289=6)),"H",(AND(H289=6,I289=8)),"VH",(AND(H289=6,I289=10)),"VH",(AND(H289=4,I289=1)),"VL",(AND(H289=4,I289=2)),"L",(AND(H289=4,I289=4)),"M",(AND(H289=4,I289=6)),"M+",(AND(H289=4,I289=8)),"H",(AND(H289=4,I289=10)),"VH",(AND(H289=2,I289=1)),"VL",(AND(H289=2,I289=2)),"VL",(AND(H289=2,I289=4)),"L",(AND(H289=2,I289=6)),"M",(AND(H289=2,I289=8)),"H",(AND(H289=2,I289=10)),"H",(AND(H289=1,I289=1)),"VL",(AND(H289=1,I289=2)),"VL",(AND(H289=1,I289=4)),"L",(AND(H289=1,I289=6)),"L",(AND(H289=1,I289=8)),"M+",(AND(H289=1,I289=10)),"H"),"")}
J290: {=IFERROR(_xlfn.IFS((AND(H290=10,I290=1)),"L",(AND(H290=10,I290=2)),"H",(AND(H290=10,I290=4)),"VH",(AND(H290=10,I290=6)),"VH",(AND(H290=10,I290=8)),"VH",(AND(H290=10,I290=10)),"VH",(AND(H290=8,I290=1)),"L",(AND(H290=8,I290=2)),"M+",(AND(H290=8,I290=4)),"H",(AND(H290=8,I290=6)),"VH",(AND(H290=8,I290=8)),"VH",(AND(H290=8,I290=10)),"VH",(AND(H290=6,I290=1)),"L",(AND(H290=6,I290=2)),"M",(AND(H290=6,I290=4)),"M+",(AND(H290=6,I290=6)),"H",(AND(H290=6,I290=8)),"VH",(AND(H290=6,I290=10)),"VH",(AND(H290=4,I290=1)),"VL",(AND(H290=4,I290=2)),"L",(AND(H290=4,I290=4)),"M",(AND(H290=4,I290=6)),"M+",(AND(H290=4,I290=8)),"H",(AND(H290=4,I290=10)),"VH",(AND(H290=2,I290=1)),"VL",(AND(H290=2,I290=2)),"VL",(AND(H290=2,I290=4)),"L",(AND(H290=2,I290=6)),"M",(AND(H290=2,I290=8)),"H",(AND(H290=2,I290=10)),"H",(AND(H290=1,I290=1)),"VL",(AND(H290=1,I290=2)),"VL",(AND(H290=1,I290=4)),"L",(AND(H290=1,I290=6)),"L",(AND(H290=1,I290=8)),"M+",(AND(H290=1,I290=10)),"H"),"")}
J291: {=IFERROR(_xlfn.IFS((AND(H291=10,I291=1)),"L",(AND(H291=10,I291=2)),"H",(AND(H291=10,I291=4)),"VH",(AND(H291=10,I291=6)),"VH",(AND(H291=10,I291=8)),"VH",(AND(H291=10,I291=10)),"VH",(AND(H291=8,I291=1)),"L",(AND(H291=8,I291=2)),"M+",(AND(H291=8,I291=4)),"H",(AND(H291=8,I291=6)),"VH",(AND(H291=8,I291=8)),"VH",(AND(H291=8,I291=10)),"VH",(AND(H291=6,I291=1)),"L",(AND(H291=6,I291=2)),"M",(AND(H291=6,I291=4)),"M+",(AND(H291=6,I291=6)),"H",(AND(H291=6,I291=8)),"VH",(AND(H291=6,I291=10)),"VH",(AND(H291=4,I291=1)),"VL",(AND(H291=4,I291=2)),"L",(AND(H291=4,I291=4)),"M",(AND(H291=4,I291=6)),"M+",(AND(H291=4,I291=8)),"H",(AND(H291=4,I291=10)),"VH",(AND(H291=2,I291=1)),"VL",(AND(H291=2,I291=2)),"VL",(AND(H291=2,I291=4)),"L",(AND(H291=2,I291=6)),"M",(AND(H291=2,I291=8)),"H",(AND(H291=2,I291=10)),"H",(AND(H291=1,I291=1)),"VL",(AND(H291=1,I291=2)),"VL",(AND(H291=1,I291=4)),"L",(AND(H291=1,I291=6)),"L",(AND(H291=1,I291=8)),"M+",(AND(H291=1,I291=10)),"H"),"")}
J292: {=IFERROR(_xlfn.IFS((AND(H292=10,I292=1)),"L",(AND(H292=10,I292=2)),"H",(AND(H292=10,I292=4)),"VH",(AND(H292=10,I292=6)),"VH",(AND(H292=10,I292=8)),"VH",(AND(H292=10,I292=10)),"VH",(AND(H292=8,I292=1)),"L",(AND(H292=8,I292=2)),"M+",(AND(H292=8,I292=4)),"H",(AND(H292=8,I292=6)),"VH",(AND(H292=8,I292=8)),"VH",(AND(H292=8,I292=10)),"VH",(AND(H292=6,I292=1)),"L",(AND(H292=6,I292=2)),"M",(AND(H292=6,I292=4)),"M+",(AND(H292=6,I292=6)),"H",(AND(H292=6,I292=8)),"VH",(AND(H292=6,I292=10)),"VH",(AND(H292=4,I292=1)),"VL",(AND(H292=4,I292=2)),"L",(AND(H292=4,I292=4)),"M",(AND(H292=4,I292=6)),"M+",(AND(H292=4,I292=8)),"H",(AND(H292=4,I292=10)),"VH",(AND(H292=2,I292=1)),"VL",(AND(H292=2,I292=2)),"VL",(AND(H292=2,I292=4)),"L",(AND(H292=2,I292=6)),"M",(AND(H292=2,I292=8)),"H",(AND(H292=2,I292=10)),"H",(AND(H292=1,I292=1)),"VL",(AND(H292=1,I292=2)),"VL",(AND(H292=1,I292=4)),"L",(AND(H292=1,I292=6)),"L",(AND(H292=1,I292=8)),"M+",(AND(H292=1,I292=10)),"H"),"")}
... J1165: {=IFERROR(_xlfn.IFS((AND(H1165=10,I1165=1)),"L",(AND(H1165=10,I1165=2)),"H",(AND(H1165=10,I1165=4)),"VH",(AND(H1165=10,I1165=6)),"VH",(AND(H1165=10,I1165=8)),"VH",(AND(H1165=10,I1165=10)),"VH",(AND(H1165=8,I1165=1)),"L",(AND(H1165=8,I1165=2)),"M+",(AND(H1165=8,I1165=4)),"H",(AND(H1165=8,I1165=6)),"VH",(AND(H1165=8,I1165=8)),"VH",(AND(H1165=8,I1165=10)),"VH",(AND(H1165=6,I1165=1)),"L",(AND(H1165=6,I1165=2)),"M",(AND(H1165=6,I1165=4)),"M+",(AND(H1165=6,I1165=6)),"H",(AND(H1165=6,I1165=8)),"VH",(AND(H1165=6,I1165=10)),"VH",(AND(H1165=4,I1165=1)),"VL",(AND(H1165=4,I1165=2)),"L",(AND(H1165=4,I1165=4)),"M",(AND(H1165=4,I1165=6)),"M+",(AND(H1165=4,I1165=8)),"H",(AND(H1165=4,I1165=10)),"VH",(AND(H1165=2,I1165=1)),"VL",(AND(H1165=2,I1165=2)),"VL",(AND(H1165=2,I1165=4)),"L",(AND(H1165=2,I1165=6)),"M",(AND(H1165=2,I1165=8)),"H",(AND(H1165=2,I1165=10)),"H",(AND(H1165=1,I1165=1)),"VL",(AND(H1165=1,I1165=2)),"VL",(AND(H1165=1,I1165=4)),"L",(AND(H1165=1,I1165=6)),"L",(AND(H1165=1,I1165=8)),"M+",(AND(H1165=1,I1165=10)),"H"),"")}

Sheet Machinery Risk Assessment
A1: Line/Area | B1: Machine | C1: Mode of Operation | D1: Hazard | E1: DPH | F1: LO | G1: PA | H1: FE | I1: RSA | J1: Risk | K1: Risk Reduction Measure | L1: Category | M1: Action Owner | N1: Deadline | O1: Status | P1: Countermeasure | Q1: DPH2 | R1: LO3 | S1: PA4 | T1: FE5 | U1: Residual RSA | V1: Residual Risk
A2: RIA 2 | B2: Check Weigher | C2: In Production | D2: There is a potential risk for entrapment of loose clothing and/or fingers with the fixed cover when the rejector moves into the retracted position. Fingers could be crushed if caught during the retraction process of the rejector. | E2: 3 | F2: 4 | G2: 2.5 | H2: 5 | I2: =Table1[[#This Row],[DPH]]*Table1[[#This Row],[LO]]*Table1[[#This Row],[PA]]*Table1[[#This Row],[FE]] -> 150 | J2: {=_xlfn.IFS(AND('Risk Matrix'!$P$5 <= Table1[[#This Row],[RSA]], Table1[[#This Row],[RSA]] <= 'Risk Matrix'!$Q$5), 'Risk Matrix'!$R$5,AND('Risk Matrix'!$P$6 <= Table1[[#This Row],[RSA]], Table1[[#This Row],[RSA]] <= 'Risk Matrix'!$Q$6), 'Risk Matrix'!$R$6,AND('Risk Matrix'!$P$7 <= Table1[[#This Row],[RSA]], Table1[[#This Row],[RSA]] <= 'Risk Matrix'!$Q$7), 'Risk Matrix'!$R$7,AND('Risk Matrix'!$P$8 <= Table1[[#This Row],[RSA]], Table1[[#This Row],[RSA]] <= 'Risk Matrix'!$Q$8), 'Risk Matrix'!$R$8,AND('Risk Matrix'!$P$9 <= Table1[[#This Row],[RSA]], Table1[[#This Row],[RSA]] <= 'Risk Matrix'!$Q$9), 'Risk Matrix'!$R$9,AND('Risk Matrix'!$P$10 <= Table1[[#This Row],[RSA]], Table1[[#This Row],[RSA]] <= 'Risk Matrix'!$Q$10), 'Risk Matrix'!$R$10,AND('Risk Matrix'!$P$11 <= Table1[[#This Row],[RSA]], Table1[[#This Row],[RSA]] <= 'Risk Matrix'!$Q$11), 'Risk Matrix'!$R$11,AND('Risk Matrix'!$P$12 <= Table1[[#This Row],[RSA]], Table1[[#This Row],[RSA]] <= 'Risk Matrix'!$Q$12), 'Risk Matrix'!$R$12)} -> Significant | K2: Introduce fixed guarding over the rejector so that fingers cannot reach into the opening between the moving rejector and the housing/cover of the rejector. Alternative: Include signage (as seen already in place) to keep hands clear of the hazard. Include instructions in SOP to ensure that all personnel: ● Secure loose clothing, loose jewellery or hair. ● Keep hands clear of moving parts. ● Complete and sign off JSAs for all operation types of the machine (maintenance/normal operation) | L2: Non Elec | M2: Chriss D | N2: 46021 | O2: Open | P2: Engineering Control | Q2: 3 | R2: 0.5 | S2: 0.75 | T2: 5 | U2: =Table1[[#This Row],[DPH2]]*Table1[[#This Row],[LO3]]*Table1[[#This Row],[PA4]]*Table1[[#This Row],[FE5]] -> 5.625 | V2: {=_xlfn.IFS(AND('Risk Matrix'!$P$5 <= Table1[[#This Row],[Residual RSA]], Table1[[#This Row],[Residual RSA]] <= 'Risk Matrix'!$Q$5), 'Risk Matrix'!$R$5,AND('Risk Matrix'!$P$6 <= Table1[[#This Row],[Residual RSA]], Table1[[#This Row],[Residual RSA]] <= 'Risk Matrix'!$Q$6), 'Risk Matrix'!$R$6,AND('Risk Matrix'!$P$7 <= Table1[[#This Row],[Residual RSA]], Table1[[#This Row],[Residual RSA]] <= 'Risk Matrix'!$Q$7), 'Risk Matrix'!$R$7,AND('Risk Matrix'!$P$8 <= Table1[[#This Row],[Residual RSA]], Table1[[#This Row],[Residual RSA]] <= 'Risk Matrix'!$Q$8), 'Risk Matrix'!$R$8,AND('Risk Matrix'!$P$9 <= Table1[[#This Row],[Residual RSA]], Table1[[#This Row],[Residual RSA]] <= 'Risk Matrix'!$Q$9), 'Risk Matrix'!$R$9,AND('Risk Matrix'!$P$10 <= Table1[[#This Row],[Residual RSA]], Table1[[#This Row],[Residual RSA]] <= 'Risk Matrix'!$Q$10), 'Risk Matrix'!$R$10,AND('Risk Matrix'!$P$11 <= Table1[[#This Row],[Residual RSA]], Table1[[#This Row],[Residual RSA]] <= 'Risk Matrix'!$Q$11), 'Risk Matrix'!$R$11,AND('Risk Matrix'!$P$12 <= Table1[[#This Row],[Residual RSA]], Table1[[#This Row],[Residual RSA]] <= 'Risk Matrix'!$Q$12), 'Risk Matrix'!$R$12)} -> Negligible
A3: RIA 2 | B3: Check Weigher | C3: In Production | D3: There is a potential risk for personnel to be impacted by the rejector system during the rejection process as the actuator pushes out. | E3: 3 | F3: 4 | G3: 2.5 | H3: 5 | I3: =Table1[[#This Row],[DPH]]*Table1[[#This Row],[LO]]*Table1[[#This Row],[PA]]*Table1[[#This Row],[FE]] -> 150 | J3: {=_xlfn.IFS(AND('Risk Matrix'!$P$5 <= Table1[[#This Row],[RSA]], Table1[[#This Row],[RSA]] <= 'Risk Matrix'!$Q$5), 'Risk Matrix'!$R$5,AND('Risk Matrix'!$P$6 <= Table1[[#This Row],[RSA]], Table1[[#This Row],[RSA]] <= 'Risk Matrix'!$Q$6), 'Risk Matrix'!$R$6,AND('Risk Matrix'!$P$7 <= Table1[[#This Row],[RSA]], Table1[[#This Row],[RSA]] <= 'Risk Matrix'!$Q$7), 'Risk Matrix'!$R$7,AND('Risk Matrix'!$P$8 <= Table1[[#This Row],[RSA]], Table1[[#This Row],[RSA]] <= 'Risk Matrix'!$Q$8), 'Risk Matrix'!$R$8,AND('Risk Matrix'!$P$9 <= Table1[[#This Row],[RSA]], Table1[[#This Row],[RSA]] <= 'Risk Matrix'!$Q$9), 'Risk Matrix'!$R$9,AND('Risk Matrix'!$P$10 <= Table1[[#This Row],[RSA]], Table1[[#This Row],[RSA]] <= 'Risk Matrix'!$Q$10), 'Risk Matrix'!$R$10,AND('Risk Matrix'!$P$11 <= Table1[[#This Row],[RSA]], Table1[[#This Row],[RSA]] <= 'Risk Matrix'!$Q$11), 'Risk Matrix'!$R$11,AND('Risk Matrix'!$P$12 <= Table1[[#This Row],[RSA]], Table1[[#This Row],[RSA]] <= 'Risk Matrix'!$Q$12), 'Risk Matrix'!$R$12)} -> Significant | K3: Introduce fixed guarding over the rejector to prevent personnel from reaching the moving parts of the rejector. Alternative: Include signage (as seen already in place) to keep personnel clear of the hazard. Include instructions in SOP to ensure that all personnel: ● Secure loose clothing, loose jewellery or hair. ● Keep hands clear of moving parts. ● Complete and sign off JSAs for all operation types of the machine (maintenance/normal operation) | L3: Non Elec | N3: 46021 | O3: Closed | P3: Engineering Control | Q3: 3 | R3: 0.5 | S3: 0.75 | T3: 5 | U3: =Table1[[#This Row],[DPH2]]*Table1[[#This Row],[LO3]]*Table1[[#This Row],[PA4]]*Table1[[#This Row],[FE5]] -> 5.625 | V3: {=_xlfn.IFS(AND('Risk Matrix'!$P$5 <= Table1[[#This Row],[Residual RSA]], Table1[[#This Row],[Residual RSA]] <= 'Risk Matrix'!$Q$5), 'Risk Matrix'!$R$5,AND('Risk Matrix'!$P$6 <= Table1[[#This Row],[Residual RSA]], Table1[[#This Row],[Residual RSA]] <= 'Risk Matrix'!$Q$6), 'Risk Matrix'!$R$6,AND('Risk Matrix'!$P$7 <= Table1[[#This Row],[Residual RSA]], Table1[[#This Row],[Residual RSA]] <= 'Risk Matrix'!$Q$7), 'Risk Matrix'!$R$7,AND('Risk Matrix'!$P$8 <= Table1[[#This Row],[Residual RSA]], Table1[[#This Row],[Residual RSA]] <= 'Risk Matrix'!$Q$8), 'Risk Matrix'!$R$8,AND('Risk Matrix'!$P$9 <= Table1[[#This Row],[Residual RSA]], Table1[[#This Row],[Residual RSA]] <= 'Risk Matrix'!$Q$9), 'Risk Matrix'!$R$9,AND('Risk Matrix'!$P$10 <= Table1[[#This Row],[Residual RSA]], Table1[[#This Row],[Residual RSA]] <= 'Risk Matrix'!$Q$10), 'Risk Matrix'!$R$10,AND('Risk Matrix'!$P$11 <= Table1[[#This Row],[Residual RSA]], Table1[[#This Row],[Residual RSA]] <= 'Risk Matrix'!$Q$11), 'Risk Matrix'!$R$11,AND('Risk Matrix'!$P$12 <= Table1[[#This Row],[Residual RSA]], Table1[[#This Row],[Residual RSA]] <= 'Risk Matrix'!$Q$12), 'Risk Matrix'!$R$12)} -> Negligible
A4: RIA 2 | B4: Check Weigher | C4: Under Formal Maintenance | D4: There is a potential risk for entrapment of loose clothing and/or fingers with the fixed cover when the rejector moves into the retracted position. Fingers could be crushed if caught during the retraction process of the rejector. | E4: 3 | F4: 4 | G4: 2.5 | H4: 5 | I4: =Table1[[#This Row],[DPH]]*Table1[[#This Row],[LO]]*Table1[[#This Row],[PA]]*Table1[[#This Row],[FE]] -> 150 | J4: {=_xlfn.IFS(AND('Risk Matrix'!$P$5 <= Table1[[#This Row],[RSA]], Table1[[#This Row],[RSA]] <= 'Risk Matrix'!$Q$5), 'Risk Matrix'!$R$5,AND('Risk Matrix'!$P$6 <= Table1[[#This Row],[RSA]], Table1[[#This Row],[RSA]] <= 'Risk Matrix'!$Q$6), 'Risk Matrix'!$R$6,AND('Risk Matrix'!$P$7 <= Table1[[#This Row],[RSA]], Table1[[#This Row],[RSA]] <= 'Risk Matrix'!$Q$7), 'Risk Matrix'!$R$7,AND('Risk Matrix'!$P$8 <= Table1[[#This Row],[RSA]], Table1[[#This Row],[RSA]] <= 'Risk Matrix'!$Q$8), 'Risk Matrix'!$R$8,AND('Risk Matrix'!$P$9 <= Table1[[#This Row],[RSA]], Table1[[#This Row],[RSA]] <= 'Risk Matrix'!$Q$9), 'Risk Matrix'!$R$9,AND('Risk Matrix'!$P$10 <= Table1[[#This Row],[RSA]], Table1[[#This Row],[RSA]] <= 'Risk Matrix'!$Q$10), 'Risk Matrix'!$R$10,AND('Risk Matrix'!$P$11 <= Table1[[#This Row],[RSA]], Table1[[#This Row],[RSA]] <= 'Risk Matrix'!$Q$11), 'Risk Matrix'!$R$11,AND('Risk Matrix'!$P$12 <= Table1[[#This Row],[RSA]], Table1[[#This Row],[RSA]] <= 'Risk Matrix'!$Q$12), 'Risk Matrix'!$R$12)} -> Significant | K4: ntroduce fixed guarding over the rejector so that fingers cannot reach into the opening between the moving rejector and the housing/cover of the rejector. Alternative: Include signage (as seen already in place) to keep hands clear of the hazard. Include instructions in SOP to ensure that all personnel: ● Secure loose clothing, loose jewellery or hair. ● Keep hands clear of moving parts. ● Complete and sign off JSAs for all operation types of the machine (maintenance/normal operation) | L4: Non Elec | N4: 45838 | O4: Open | P4: Engineering Control | Q4: 3 | R4: 0.5 | S4: 0.75 | T4: 5 | U4: =Table1[[#This Row],[DPH2]]*Table1[[#This Row],[LO3]]*Table1[[#This Row],[PA4]]*Table1[[#This Row],[FE5]] -> 5.625 | V4: {=_xlfn.IFS(AND('Risk Matrix'!$P$5 <= Table1[[#This Row],[Residual RSA]], Table1[[#This Row],[Residual RSA]] <= 'Risk Matrix'!$Q$5), 'Risk Matrix'!$R$5,AND('Risk Matrix'!$P$6 <= Table1[[#This Row],[Residual RSA]], Table1[[#This Row],[Residual RSA]] <= 'Risk Matrix'!$Q$6), 'Risk Matrix'!$R$6,AND('Risk Matrix'!$P$7 <= Table1[[#This Row],[Residual RSA]], Table1[[#This Row],[Residual RSA]] <= 'Risk Matrix'!$Q$7), 'Risk Matrix'!$R$7,AND('Risk Matrix'!$P$8 <= Table1[[#This Row],[Residual RSA]], Table1[[#This Row],[Residual RSA]] <= 'Risk Matrix'!$Q$8), 'Risk Matrix'!$R$8,AND('Risk Matrix'!$P$9 <= Table1[[#This Row],[Residual RSA]], Table1[[#This Row],[Residual RSA]] <= 'Risk Matrix'!$Q$9), 'Risk Matrix'!$R$9,AND('Risk Matrix'!$P$10 <= Table1[[#This Row],[Residual RSA]], Table1[[#This Row],[Residual RSA]] <= 'Risk Matrix'!$Q$10), 'Risk Matrix'!$R$10,AND('Risk Matrix'!$P$11 <= Table1[[#This Row],[Residual RSA]], Table1[[#This Row],[Residual RSA]] <= 'Risk Matrix'!$Q$11), 'Risk Matrix'!$R$11,AND('Risk Matrix'!$P$12 <= Table1[[#This Row],[Residual RSA]], Table1[[#This Row],[Residual RSA]] <= 'Risk Matrix'!$Q$12), 'Risk Matrix'!$R$12)} -> Negligible
A5: RIA 2 | B5: Check Weigher | C5: Under Formal Maintenance | D5: There is a potential risk for personnel to be impacted by the rejector system during the rejection process as the actuator pushes out. | E5: 3 | F5: 4 | G5: 2.5 | H5: 5 | I5: =Table1[[#This Row],[DPH]]*Table1[[#This Row],[LO]]*Table1[[#This Row],[PA]]*Table1[[#This Row],[FE]] -> 150 | J5: {=_xlfn.IFS(AND('Risk Matrix'!$P$5 <= Table1[[#This Row],[RSA]], Table1[[#This Row],[RSA]] <= 'Risk Matrix'!$Q$5), 'Risk Matrix'!$R$5,AND('Risk Matrix'!$P$6 <= Table1[[#This Row],[RSA]], Table1[[#This Row],[RSA]] <= 'Risk Matrix'!$Q$6), 'Risk Matrix'!$R$6,AND('Risk Matrix'!$P$7 <= Table1[[#This Row],[RSA]], Table1[[#This Row],[RSA]] <= 'Risk Matrix'!$Q$7), 'Risk Matrix'!$R$7,AND('Risk Matrix'!$P$8 <= Table1[[#This Row],[RSA]], Table1[[#This Row],[RSA]] <= 'Risk Matrix'!$Q$8), 'Risk Matrix'!$R$8,AND('Risk Matrix'!$P$9 <= Table1[[#This Row],[RSA]], Table1[[#This Row],[RSA]] <= 'Risk Matrix'!$Q$9), 'Risk Matrix'!$R$9,AND('Risk Matrix'!$P$10 <= Table1[[#This Row],[RSA]], Table1[[#This Row],[RSA]] <= 'Risk Matrix'!$Q$10), 'Risk Matrix'!$R$10,AND('Risk Matrix'!$P$11 <= Table1[[#This Row],[RSA]], Table1[[#This Row],[RSA]] <= 'Risk Matrix'!$Q$11), 'Risk Matrix'!$R$11,AND('Risk Matrix'!$P$12 <= Table1[[#This Row],[RSA]], Table1[[#This Row],[RSA]] <= 'Risk Matrix'!$Q$12), 'Risk Matrix'!$R$12)} -> Significant | K5: ntroduce fixed guarding over the rejector so that fingers cannot reach into the opening between the moving rejector and the housing/cover of the rejector. Alternative: Include signage (as seen already in place) to keep hands clear of the hazard. Include instructions in SOP to ensure that all personnel: ● Secure loose clothing, loose jewellery or hair. ● Keep hands clear of moving parts. ● Complete and sign off JSAs for all operation types of the machine (maintenance/normal operation) | L5: Non Elec | N5: 46021 | P5: Engineering Control | Q5: 3 | R5: 0.5 | S5: 0.75 | T5: 5 | U5: =Table1[[#This Row],[DPH2]]*Table1[[#This Row],[LO3]]*Table1[[#This Row],[PA4]]*Table1[[#This Row],[FE5]] -> 5.625 | V5: {=_xlfn.IFS(AND('Risk Matrix'!$P$5 <= Table1[[#This Row],[Residual RSA]], Table1[[#This Row],[Residual RSA]] <= 'Risk Matrix'!$Q$5), 'Risk Matrix'!$R$5,AND('Risk Matrix'!$P$6 <= Table1[[#This Row],[Residual RSA]], Table1[[#This Row],[Residual RSA]] <= 'Risk Matrix'!$Q$6), 'Risk Matrix'!$R$6,AND('Risk Matrix'!$P$7 <= Table1[[#This Row],[Residual RSA]], Table1[[#This Row],[Residual RSA]] <= 'Risk Matrix'!$Q$7), 'Risk Matrix'!$R$7,AND('Risk Matrix'!$P$8 <= Table1[[#This Row],[Residual RSA]], Table1[[#This Row],[Residual RSA]] <= 'Risk Matrix'!$Q$8), 'Risk Matrix'!$R$8,AND('Risk Matrix'!$P$9 <= Table1[[#This Row],[Residual RSA]], Table1[[#This Row],[Residual RSA]] <= 'Risk Matrix'!$Q$9), 'Risk Matrix'!$R$9,AND('Risk Matrix'!$P$10 <= Table1[[#This Row],[Residual RSA]], Table1[[#This Row],[Residual RSA]] <= 'Risk Matrix'!$Q$10), 'Risk Matrix'!$R$10,AND('Risk Matrix'!$P$11 <= Table1[[#This Row],[Residual RSA]], Table1[[#This Row],[Residual RSA]] <= 'Risk Matrix'!$Q$11), 'Risk Matrix'!$R$11,AND('Risk Matrix'!$P$12 <= Table1[[#This Row],[Residual RSA]], Table1[[#This Row],[Residual RSA]] <= 'Risk Matrix'!$Q$12), 'Risk Matrix'!$R$12)} -> Negligible
A6: RIA 2 | B6: Check Weigher | C6: In Production | D6: There is a potential hazard for personnel to slip or trip if ice creams or ice-cream cartons end up on the floor as a result of the rejector system pushing products off the conveyor. | E6: 5 | F6: 2.5 | G6: 2.5 | H6: 4 | I6: =Table1[[#This Row],[DPH]]*Table1[[#This Row],[LO]]*Table1[[#This Row],[PA]]*Table1[[#This Row],[FE]] -> 125 | J6: {=_xlfn.IFS(AND('Risk Matrix'!$P$5 <= Table1[[#This Row],[RSA]], Table1[[#This Row],[RSA]] <= 'Risk Matrix'!$Q$5), 'Risk Matrix'!$R$5,AND('Risk Matrix'!$P$6 <= Table1[[#This Row],[RSA]], Table1[[#This Row],[RSA]] <= 'Risk Matrix'!$Q$6), 'Risk Matrix'!$R$6,AND('Risk Matrix'!$P$7 <= Table1[[#This Row],[RSA]], Table1[[#This Row],[RSA]] <= 'Risk Matrix'!$Q$7), 'Risk Matrix'!$R$7,AND('Risk Matrix'!$P$8 <= Table1[[#This Row],[RSA]], Table1[[#This Row],[RSA]] <= 'Risk Matrix'!$Q$8), 'Risk Matrix'!$R$8,AND('Risk Matrix'!$P$9 <= Table1[[#This Row],[RSA]], Table1[[#This Row],[RSA]] <= 'Risk Matrix'!$Q$9), 'Risk Matrix'!$R$9,AND('Risk Matrix'!$P$10 <= Table1[[#This Row],[RSA]], Table1[[#This Row],[RSA]] <= 'Risk Matrix'!$Q$10), 'Risk Matrix'!$R$10,AND('Risk Matrix'!$P$11 <= Table1[[#This Row],[RSA]], Table1[[#This Row],[RSA]] <= 'Risk Matrix'!$Q$11), 'Risk Matrix'!$R$11,AND('Risk Matrix'!$P$12 <= Table1[[#This Row],[RSA]], Table1[[#This Row],[RSA]] <= 'Risk Matrix'!$Q$12), 'Risk Matrix'!$R$12)} -> Significant | K6: Ensure the SOP specifies that a reject bin must be positioned at the receiving side of the reject system during operation to prevent products from falling onto the floor. | N6: 46021 | P6: Admin Control | Q6: 5 | R6: 0.5 | S6: 0.75 | T6: 4 | U6: =Table1[[#This Row],[DPH2]]*Table1[[#This Row],[LO3]]*Table1[[#This Row],[PA4]]*Table1[[#This Row],[FE5]] -> 7.5 | V6: {=_xlfn.IFS(AND('Risk Matrix'!$P$5 <= Table1[[#This Row],[Residual RSA]], Table1[[#This Row],[Residual RSA]] <= 'Risk Matrix'!$Q$5), 'Risk Matrix'!$R$5,AND('Risk Matrix'!$P$6 <= Table1[[#This Row],[Residual RSA]], Table1[[#This Row],[Residual RSA]] <= 'Risk Matrix'!$Q$6), 'Risk Matrix'!$R$6,AND('Risk Matrix'!$P$7 <= Table1[[#This Row],[Residual RSA]], Table1[[#This Row],[Residual RSA]] <= 'Risk Matrix'!$Q$7), 'Risk Matrix'!$R$7,AND('Risk Matrix'!$P$8 <= Table1[[#This Row],[Residual RSA]], Table1[[#This Row],[Residual RSA]] <= 'Risk Matrix'!$Q$8), 'Risk Matrix'!$R$8,AND('Risk Matrix'!$P$9 <= Table1[[#This Row],[Residual RSA]], Table1[[#This Row],[Residual RSA]] <= 'Risk Matrix'!$Q$9), 'Risk Matrix'!$R$9,AND('Risk Matrix'!$P$10 <= Table1[[#This Row],[Residual RSA]], Table1[[#This Row],[Residual RSA]] <= 'Risk Matrix'!$Q$10), 'Risk Matrix'!$R$10,AND('Risk Matrix'!$P$11 <= Table1[[#This Row],[Residual RSA]], Table1[[#This Row],[Residual RSA]] <= 'Risk Matrix'!$Q$11), 'Risk Matrix'!$R$11,AND('Risk Matrix'!$P$12 <= Table1[[#This Row],[Residual RSA]], Table1[[#This Row],[Residual RSA]] <= 'Risk Matrix'!$Q$12), 'Risk Matrix'!$R$12)} -> Negligible
A7: RIA 2 | B7: Check Weigher | C7: Combination of Operation Modes | D7: There is potential risk of unexpected start up for the rejector system which is connected to the main air isolation point. Unexpected start up could potentially trigger the rejector during maintenance or normal operation of the machine impacting personnel. | E7: 3 | F7: 4 | G7: 2.5 | H7: 4 | I7: =Table1[[#This Row],[DPH]]*Table1[[#This Row],[LO]]*Table1[[#This Row],[PA]]*Table1[[#This Row],[FE]] -> 120 | J7: {=_xlfn.IFS(AND('Risk Matrix'!$P$5 <= Table1[[#This Row],[RSA]], Table1[[#This Row],[RSA]] <= 'Risk Matrix'!$Q$5), 'Risk Matrix'!$R$5,AND('Risk Matrix'!$P$6 <= Table1[[#This Row],[RSA]], Table1[[#This Row],[RSA]] <= 'Risk Matrix'!$Q$6), 'Risk Matrix'!$R$6,AND('Risk Matrix'!$P$7 <= Table1[[#This Row],[RSA]], Table1[[#This Row],[RSA]] <= 'Risk Matrix'!$Q$7), 'Risk Matrix'!$R$7,AND('Risk Matrix'!$P$8 <= Table1[[#This Row],[RSA]], Table1[[#This Row],[RSA]] <= 'Risk Matrix'!$Q$8), 'Risk Matrix'!$R$8,AND('Risk Matrix'!$P$9 <= Table1[[#This Row],[RSA]], Table1[[#This Row],[RSA]] <= 'Risk Matrix'!$Q$9), 'Risk Matrix'!$R$9,AND('Risk Matrix'!$P$10 <= Table1[[#This Row],[RSA]], Table1[[#This Row],[RSA]] <= 'Risk Matrix'!$Q$10), 'Risk Matrix'!$R$10,AND('Risk Matrix'!$P$11 <= Table1[[#This Row],[RSA]], Table1[[#This Row],[RSA]] <= 'Risk Matrix'!$Q$11), 'Risk Matrix'!$R$11,AND('Risk Matrix'!$P$12 <= Table1[[#This Row],[RSA]], Table1[[#This Row],[RSA]] <= 'Risk Matrix'!$Q$12), 'Risk Matrix'!$R$12)} -> Significant | K7: Ensure all energy sources are secure with Lock Out Tag Out isolators. Install proper Lock Out Tag Out isolator as current one can be locked to an on state. Ensure SOP includes starting maintenance/operation procedures to avoid the hazard. Add a single channel dump valve to purge air and prevent an unexpected startup. | L7: Elec | N7: 46021 | P7: Engineering Control | Q7: 3 | R7: 0.5 | S7: 0.75 | T7: 4 | U7: =Table1[[#This Row],[DPH2]]*Table1[[#This Row],[LO3]]*Table1[[#This Row],[PA4]]*Table1[[#This Row],[FE5]] -> 4.5 | V7: {=_xlfn.IFS(AND('Risk Matrix'!$P$5 <= Table1[[#This Row],[Residual RSA]], Table1[[#This Row],[Residual RSA]] <= 'Risk Matrix'!$Q$5), 'Risk Matrix'!$R$5,AND('Risk Matrix'!$P$6 <= Table1[[#This Row],[Residual RSA]], Table1[[#This Row],[Residual RSA]] <= 'Risk Matrix'!$Q$6), 'Risk Matrix'!$R$6,AND('Risk Matrix'!$P$7 <= Table1[[#This Row],[Residual RSA]], Table1[[#This Row],[Residual RSA]] <= 'Risk Matrix'!$Q$7), 'Risk Matrix'!$R$7,AND('Risk Matrix'!$P$8 <= Table1[[#This Row],[Residual RSA]], Table1[[#This Row],[Residual RSA]] <= 'Risk Matrix'!$Q$8), 'Risk Matrix'!$R$8,AND('Risk Matrix'!$P$9 <= Table1[[#This Row],[Residual RSA]], Table1[[#This Row],[Residual RSA]] <= 'Risk Matrix'!$Q$9), 'Risk Matrix'!$R$9,AND('Risk Matrix'!$P$10 <= Table1[[#This Row],[Residual RSA]], Table1[[#This Row],[Residual RSA]] <= 'Risk Matrix'!$Q$10), 'Risk Matrix'!$R$10,AND('Risk Matrix'!$P$11 <= Table1[[#This Row],[Residual RSA]], Table1[[#This Row],[Residual RSA]] <= 'Risk Matrix'!$Q$11), 'Risk Matrix'!$R$11,AND('Risk Matrix'!$P$12 <= Table1[[#This Row],[Residual RSA]], Table1[[#This Row],[Residual RSA]] <= 'Risk Matrix'!$Q$12), 'Risk Matrix'!$R$12)} -> Negligible
A8: RIA 2 | B8: Check Weigher | C8: Under Formal Maintenance | D8: Personnel hoses down the area during the cleaning process. There is the potential risk of damaging the electrical cabinet of the machine and also electrically shocking personnel within the area | E8: 25 | F8: 2.5 | G8: 2.5 | H8: 3 | I8: =Table1[[#This Row],[DPH]]*Table1[[#This Row],[LO]]*Table1[[#This Row],[PA]]*Table1[[#This Row],[FE]] -> 468.75 | J8: {=_xlfn.IFS(AND('Risk Matrix'!$P$5 <= Table1[[#This Row],[RSA]], Table1[[#This Row],[RSA]] <= 'Risk Matrix'!$Q$5), 'Risk Matrix'!$R$5,AND('Risk Matrix'!$P$6 <= Table1[[#This Row],[RSA]], Table1[[#This Row],[RSA]] <= 'Risk Matrix'!$Q$6), 'Risk Matrix'!$R$6,AND('Risk Matrix'!$P$7 <= Table1[[#This Row],[RSA]], Table1[[#This Row],[RSA]] <= 'Risk Matrix'!$Q$7), 'Risk Matrix'!$R$7,AND('Risk Matrix'!$P$8 <= Table1[[#This Row],[RSA]], Table1[[#This Row],[RSA]] <= 'Risk Matrix'!$Q$8), 'Risk Matrix'!$R$8,AND('Risk Matrix'!$P$9 <= Table1[[#This Row],[RSA]], Table1[[#This Row],[RSA]] <= 'Risk Matrix'!$Q$9), 'Risk Matrix'!$R$9,AND('Risk Matrix'!$P$10 <= Table1[[#This Row],[RSA]], Table1[[#This Row],[RSA]] <= 'Risk Matrix'!$Q$10), 'Risk Matrix'!$R$10,AND('Risk Matrix'!$P$11 <= Table1[[#This Row],[RSA]], Table1[[#This Row],[RSA]] <= 'Risk Matrix'!$Q$11), 'Risk Matrix'!$R$11,AND('Risk Matrix'!$P$12 <= Table1[[#This Row],[RSA]], Table1[[#This Row],[RSA]] <= 'Risk Matrix'!$Q$12), 'Risk Matrix'!$R$12)} -> Very High | K8: Ensure SOP are followed during the cleaning process and include prevention measures of hosing down of the electrical cabinet. Include signage to indicate covering of electrical equipment/cabinet/ | N8: 46021 | P8: Admin Control | Q8: 25 | R8: 0.5 | S8: 0.75 | T8: 3 | U8: =Table1[[#This Row],[DPH2]]*Table1[[#This Row],[LO3]]*Table1[[#This Row],[PA4]]*Table1[[#This Row],[FE5]] -> 28.125 | V8: {=_xlfn.IFS(AND('Risk Matrix'!$P$5 <= Table1[[#This Row],[Residual RSA]], Table1[[#This Row],[Residual RSA]] <= 'Risk Matrix'!$Q$5), 'Risk Matrix'!$R$5,AND('Risk Matrix'!$P$6 <= Table1[[#This Row],[Residual RSA]], Table1[[#This Row],[Residual RSA]] <= 'Risk Matrix'!$Q$6), 'Risk Matrix'!$R$6,AND('Risk Matrix'!$P$7 <= Table1[[#This Row],[Residual RSA]], Table1[[#This Row],[Residual RSA]] <= 'Risk Matrix'!$Q$7), 'Risk Matrix'!$R$7,AND('Risk Matrix'!$P$8 <= Table1[[#This Row],[Residual RSA]], Table1[[#This Row],[Residual RSA]] <= 'Risk Matrix'!$Q$8), 'Risk Matrix'!$R$8,AND('Risk Matrix'!$P$9 <= Table1[[#This Row],[Residual RSA]], Table1[[#This Row],[Residual RSA]] <= 'Risk Matrix'!$Q$9), 'Risk Matrix'!$R$9,AND('Risk Matrix'!$P$10 <= Table1[[#This Row],[Residual RSA]], Table1[[#This Row],[Residual RSA]] <= 'Risk Matrix'!$Q$10), 'Risk Matrix'!$R$10,AND('Risk Matrix'!$P$11 <= Table1[[#This Row],[Residual RSA]], Table1[[#This Row],[Residual RSA]] <= 'Risk Matrix'!$Q$11), 'Risk Matrix'!$R$11,AND('Risk Matrix'!$P$12 <= Table1[[#This Row],[Residual RSA]], Table1[[#This Row],[Residual RSA]] <= 'Risk Matrix'!$Q$12), 'Risk Matrix'!$R$12)} -> Low
A9: RIA 2 | B9: Ground Conveyors | C9: In Production | D9: The conveyors primary air supply for the accumulation stopping cylinders does not have a Lock out-Tag out (LOTO) isolation valve, a ball valve is fitted. Without proper isolation, the air cylinders may move unexpectedly when the guards or emergency stop are activated, creating a potential injury risk. | E9: 3 | F9: 5 | G9: 2.5 | H9: 4 | I9: =Table1[[#This Row],[DPH]]*Table1[[#This Row],[LO]]*Table1[[#This Row],[PA]]*Table1[[#This Row],[FE]] -> 150 | J9: {=_xlfn.IFS(AND('Risk Matrix'!$P$5 <= Table1[[#This Row],[RSA]], Table1[[#This Row],[RSA]] <= 'Risk Matrix'!$Q$5), 'Risk Matrix'!$R$5,AND('Risk Matrix'!$P$6 <= Table1[[#This Row],[RSA]], Table1[[#This Row],[RSA]] <= 'Risk Matrix'!$Q$6), 'Risk Matrix'!$R$6,AND('Risk Matrix'!$P$7 <= Table1[[#This Row],[RSA]], Table1[[#This Row],[RSA]] <= 'Risk Matrix'!$Q$7), 'Risk Matrix'!$R$7,AND('Risk Matrix'!$P$8 <= Table1[[#This Row],[RSA]], Table1[[#This Row],[RSA]] <= 'Risk Matrix'!$Q$8), 'Risk Matrix'!$R$8,AND('Risk Matrix'!$P$9 <= Table1[[#This Row],[RSA]], Table1[[#This Row],[RSA]] <= 'Risk Matrix'!$Q$9), 'Risk Matrix'!$R$9,AND('Risk Matrix'!$P$10 <= Table1[[#This Row],[RSA]], Table1[[#This Row],[RSA]] <= 'Risk Matrix'!$Q$10), 'Risk Matrix'!$R$10,AND('Risk Matrix'!$P$11 <= Table1[[#This Row],[RSA]], Table1[[#This Row],[RSA]] <= 'Risk Matrix'!$Q$11), 'Risk Matrix'!$R$11,AND('Risk Matrix'!$P$12 <= Table1[[#This Row],[RSA]], Table1[[#This Row],[RSA]] <= 'Risk Matrix'!$Q$12), 'Risk Matrix'!$R$12)} -> Significant | K9: Install a clearly marked Lockout/Tagout (LOTO) pneumatic isolation valve that releases air externally to prevent unexpected movement of air cylinders when the emergency stops are engaged, which could otherwisepose an injury hazard. Place it in a readily accessible spot. | L9: Non Elec | N9: 46021 | P9: Engineering Control | Q9: 3 | R9: 0.5 | S9: 0.75 | T9: 4 | U9: =Table1[[#This Row],[DPH2]]*Table1[[#This Row],[LO3]]*Table1[[#This Row],[PA4]]*Table1[[#This Row],[FE5]] -> 4.5 | V9: {=_xlfn.IFS(AND('Risk Matrix'!$P$5 <= Table1[[#This Row],[Residual RSA]], Table1[[#This Row],[Residual RSA]] <= 'Risk Matrix'!$Q$5), 'Risk Matrix'!$R$5,AND('Risk Matrix'!$P$6 <= Table1[[#This Row],[Residual RSA]], Table1[[#This Row],[Residual RSA]] <= 'Risk Matrix'!$Q$6), 'Risk Matrix'!$R$6,AND('Risk Matrix'!$P$7 <= Table1[[#This Row],[Residual RSA]], Table1[[#This Row],[Residual RSA]] <= 'Risk Matrix'!$Q$7), 'Risk Matrix'!$R$7,AND('Risk Matrix'!$P$8 <= Table1[[#This Row],[Residual RSA]], Table1[[#This Row],[Residual RSA]] <= 'Risk Matrix'!$Q$8), 'Risk Matrix'!$R$8,AND('Risk Matrix'!$P$9 <= Table1[[#This Row],[Residual RSA]], Table1[[#This Row],[Residual RSA]] <= 'Risk Matrix'!$Q$9), 'Risk Matrix'!$R$9,AND('Risk Matrix'!$P$10 <= Table1[[#This Row],[Residual RSA]], Table1[[#This Row],[Residual RSA]] <= 'Risk Matrix'!$Q$10), 'Risk Matrix'!$R$10,AND('Risk Matrix'!$P$11 <= Table1[[#This Row],[Residual RSA]], Table1[[#This Row],[Residual RSA]] <= 'Risk Matrix'!$Q$11), 'Risk Matrix'!$R$11,AND('Risk Matrix'!$P$12 <= Table1[[#This Row],[Residual RSA]], Table1[[#This Row],[Residual RSA]] <= 'Risk Matrix'!$Q$12), 'Risk Matrix'!$R$12)} -> Negligible
A10: RIA 2 | B10: Ground Conveyors | C10: In Production | D10: At the location where the empty carton conv to vortex machine conveyor belt is there is a pinch point. This gap where personnel performing maintenance or clearing a jam could get their fingers caught, potentially resulting in injury. | E10: 3 | F10: 5 | G10: 2.5 | H10: 4 | I10: =Table1[[#This Row],[DPH]]*Table1[[#This Row],[LO]]*Table1[[#This Row],[PA]]*Table1[[#This Row],[FE]] -> 150 | J10: {=_xlfn.IFS(AND('Risk Matrix'!$P$5 <= Table1[[#This Row],[RSA]], Table1[[#This Row],[RSA]] <= 'Risk Matrix'!$Q$5), 'Risk Matrix'!$R$5,AND('Risk Matrix'!$P$6 <= Table1[[#This Row],[RSA]], Table1[[#This Row],[RSA]] <= 'Risk Matrix'!$Q$6), 'Risk Matrix'!$R$6,AND('Risk Matrix'!$P$7 <= Table1[[#This Row],[RSA]], Table1[[#This Row],[RSA]] <= 'Risk Matrix'!$Q$7), 'Risk Matrix'!$R$7,AND('Risk Matrix'!$P$8 <= Table1[[#This Row],[RSA]], Table1[[#This Row],[RSA]] <= 'Risk Matrix'!$Q$8), 'Risk Matrix'!$R$8,AND('Risk Matrix'!$P$9 <= Table1[[#This Row],[RSA]], Table1[[#This Row],[RSA]] <= 'Risk Matrix'!$Q$9), 'Risk Matrix'!$R$9,AND('Risk Matrix'!$P$10 <= Table1[[#This Row],[RSA]], Table1[[#This Row],[RSA]] <= 'Risk Matrix'!$Q$10), 'Risk Matrix'!$R$10,AND('Risk Matrix'!$P$11 <= Table1[[#This Row],[RSA]], Table1[[#This Row],[RSA]] <= 'Risk Matrix'!$Q$11), 'Risk Matrix'!$R$11,AND('Risk Matrix'!$P$12 <= Table1[[#This Row],[RSA]], Table1[[#This Row],[RSA]] <= 'Risk Matrix'!$Q$12), 'Risk Matrix'!$R$12)} -> Significant | K10: Install a protective cover to reduce the gap to 4mm or less, thereby ensuring adherence to safety regulations and significantly minimizing the risk of personnel getting their fingers caught or injured during maintenance tasks or while clearing jams. | L10: Non Elec | N10: 46021 | P10: Engineering Control | Q10: 3 | R10: 0.5 | S10: 0.75 | T10: 4 | U10: =Table1[[#This Row],[DPH2]]*Table1[[#This Row],[LO3]]*Table1[[#This Row],[PA4]]*Table1[[#This Row],[FE5]] -> 4.5 | V10: {=_xlfn.IFS(AND('Risk Matrix'!$P$5 <= Table1[[#This Row],[Residual RSA]], Table1[[#This Row],[Residual RSA]] <= 'Risk Matrix'!$Q$5), 'Risk Matrix'!$R$5,AND('Risk Matrix'!$P$6 <= Table1[[#This Row],[Residual RSA]], Table1[[#This Row],[Residual RSA]] <= 'Risk Matrix'!$Q$6), 'Risk Matrix'!$R$6,AND('Risk Matrix'!$P$7 <= Table1[[#This Row],[Residual RSA]], Table1[[#This Row],[Residual RSA]] <= 'Risk Matrix'!$Q$7), 'Risk Matrix'!$R$7,AND('Risk Matrix'!$P$8 <= Table1[[#This Row],[Residual RSA]], Table1[[#This Row],[Residual RSA]] <= 'Risk Matrix'!$Q$8), 'Risk Matrix'!$R$8,AND('Risk Matrix'!$P$9 <= Table1[[#This Row],[Residual RSA]], Table1[[#This Row],[Residual RSA]] <= 'Risk Matrix'!$Q$9), 'Risk Matrix'!$R$9,AND('Risk Matrix'!$P$10 <= Table1[[#This Row],[Residual RSA]], Table1[[#This Row],[Residual RSA]] <= 'Risk Matrix'!$Q$10), 'Risk Matrix'!$R$10,AND('Risk Matrix'!$P$11 <= Table1[[#This Row],[Residual RSA]], Table1[[#This Row],[Residual RSA]] <= 'Risk Matrix'!$Q$11), 'Risk Matrix'!$R$11,AND('Risk Matrix'!$P$12 <= Table1[[#This Row],[Residual RSA]], Table1[[#This Row],[Residual RSA]] <= 'Risk Matrix'!$Q$12), 'Risk Matrix'!$R$12)} -> Negligible
A11: RIA 2 | B11: Ground Conveyors | C11: In Production | D11: At the location between the carton former to the vortex machine conveyor belt is there is a pinch point. This gap where personnel performing maintenance or clearing a jam could get their fingers caught, potentially resulting in injury. | E11: 3 | F11: 5 | G11: 2.5 | H11: 4 | I11: =Table1[[#This Row],[DPH]]*Table1[[#This Row],[LO]]*Table1[[#This Row],[PA]]*Table1[[#This Row],[FE]] -> 150 | J11: {=_xlfn.IFS(AND('Risk Matrix'!$P$5 <= Table1[[#This Row],[RSA]], Table1[[#This Row],[RSA]] <= 'Risk Matrix'!$Q$5), 'Risk Matrix'!$R$5,AND('Risk Matrix'!$P$6 <= Table1[[#This Row],[RSA]], Table1[[#This Row],[RSA]] <= 'Risk Matrix'!$Q$6), 'Risk Matrix'!$R$6,AND('Risk Matrix'!$P$7 <= Table1[[#This Row],[RSA]], Table1[[#This Row],[RSA]] <= 'Risk Matrix'!$Q$7), 'Risk Matrix'!$R$7,AND('Risk Matrix'!$P$8 <= Table1[[#This Row],[RSA]], Table1[[#This Row],[RSA]] <= 'Risk Matrix'!$Q$8), 'Risk Matrix'!$R$8,AND('Risk Matrix'!$P$9 <= Table1[[#This Row],[RSA]], Table1[[#This Row],[RSA]] <= 'Risk Matrix'!$Q$9), 'Risk Matrix'!$R$9,AND('Risk Matrix'!$P$10 <= Table1[[#This Row],[RSA]], Table1[[#This Row],[RSA]] <= 'Risk Matrix'!$Q$10), 'Risk Matrix'!$R$10,AND('Risk Matrix'!$P$11 <= Table1[[#This Row],[RSA]], Table1[[#This Row],[RSA]] <= 'Risk Matrix'!$Q$11), 'Risk Matrix'!$R$11,AND('Risk Matrix'!$P$12 <= Table1[[#This Row],[RSA]], Table1[[#This Row],[RSA]] <= 'Risk Matrix'!$Q$12), 'Risk Matrix'!$R$12)} -> Significant | K11: Install a protective cover to reduce the gap to 4mm or less, thereby ensuring adherence to safety regulations and significantly minimizing the risk of personnel getting their fingers caught or injured during maintenance tasks or while clearing jams. | L11: Non Elec | N11: 46021 | P11: Engineering Control | Q11: 3 | R11: 0.5 | S11: 0.75 | T11: 4 | U11: =Table1[[#This Row],[DPH2]]*Table1[[#This Row],[LO3]]*Table1[[#This Row],[PA4]]*Table1[[#This Row],[FE5]] -> 4.5 | V11: {=_xlfn.IFS(AND('Risk Matrix'!$P$5 <= Table1[[#This Row],[Residual RSA]], Table1[[#This Row],[Residual RSA]] <= 'Risk Matrix'!$Q$5), 'Risk Matrix'!$R$5,AND('Risk Matrix'!$P$6 <= Table1[[#This Row],[Residual RSA]], Table1[[#This Row],[Residual RSA]] <= 'Risk Matrix'!$Q$6), 'Risk Matrix'!$R$6,AND('Risk Matrix'!$P$7 <= Table1[[#This Row],[Residual RSA]], Table1[[#This Row],[Residual RSA]] <= 'Risk Matrix'!$Q$7), 'Risk Matrix'!$R$7,AND('Risk Matrix'!$P$8 <= Table1[[#This Row],[Residual RSA]], Table1[[#This Row],[Residual RSA]] <= 'Risk Matrix'!$Q$8), 'Risk Matrix'!$R$8,AND('Risk Matrix'!$P$9 <= Table1[[#This Row],[Residual RSA]], Table1[[#This Row],[Residual RSA]] <= 'Risk Matrix'!$Q$9), 'Risk Matrix'!$R$9,AND('Risk Matrix'!$P$10 <= Table1[[#This Row],[Residual RSA]], Table1[[#This Row],[Residual RSA]] <= 'Risk Matrix'!$Q$10), 'Risk Matrix'!$R$10,AND('Risk Matrix'!$P$11 <= Table1[[#This Row],[Residual RSA]], Table1[[#This Row],[Residual RSA]] <= 'Risk Matrix'!$Q$11), 'Risk Matrix'!$R$11,AND('Risk Matrix'!$P$12 <= Table1[[#This Row],[Residual RSA]], Table1[[#This Row],[Residual RSA]] <= 'Risk Matrix'!$Q$12), 'Risk Matrix'!$R$12)} -> Negligible
A12: RIA 2 | B12: Ground Conveyors | C12: In Production | D12: The retraction of accumulation stopping cylinders near the conveyors forms a pinch point. During operation or maintenance, if personnel interact with this area, there is a danger of fingers or hands becoming trapped, which could result in injuries. | E12: 3 | F12: 6 | G12: 2.5 | H12: 2 | I12: =Table1[[#This Row],[DPH]]*Table1[[#This Row],[LO]]*Table1[[#This Row],[PA]]*Table1[[#This Row],[FE]] -> 90 | J12: {=_xlfn.IFS(AND('Risk Matrix'!$P$5 <= Table1[[#This Row],[RSA]], Table1[[#This Row],[RSA]] <= 'Risk Matrix'!$Q$5), 'Risk Matrix'!$R$5,AND('Risk Matrix'!$P$6 <= Table1[[#This Row],[RSA]], Table1[[#This Row],[RSA]] <= 'Risk Matrix'!$Q$6), 'Risk Matrix'!$R$6,AND('Risk Matrix'!$P$7 <= Table1[[#This Row],[RSA]], Table1[[#This Row],[RSA]] <= 'Risk Matrix'!$Q$7), 'Risk Matrix'!$R$7,AND('Risk Matrix'!$P$8 <= Table1[[#This Row],[RSA]], Table1[[#This Row],[RSA]] <= 'Risk Matrix'!$Q$8), 'Risk Matrix'!$R$8,AND('Risk Matrix'!$P$9 <= Table1[[#This Row],[RSA]], Table1[[#This Row],[RSA]] <= 'Risk Matrix'!$Q$9), 'Risk Matrix'!$R$9,AND('Risk Matrix'!$P$10 <= Table1[[#This Row],[RSA]], Table1[[#This Row],[RSA]] <= 'Risk Matrix'!$Q$10), 'Risk Matrix'!$R$10,AND('Risk Matrix'!$P$11 <= Table1[[#This Row],[RSA]], Table1[[#This Row],[RSA]] <= 'Risk Matrix'!$Q$11), 'Risk Matrix'!$R$11,AND('Risk Matrix'!$P$12 <= Table1[[#This Row],[RSA]], Table1[[#This Row],[RSA]] <= 'Risk Matrix'!$Q$12), 'Risk Matrix'!$R$12)} -> Significant | K12: Install fixed protective guarding to effectively prevent fingers or hands from being caught, ensuring enhanced safety during operation or maintenance activities. Also ensure LOTO procedures for maintenance and cleaning. | L12: Non Elec | N12: 46021 | P12: Engineering Control | Q12: 3 | R12: 0.5 | S12: 0.75 | T12: 2 | U12: =Table1[[#This Row],[DPH2]]*Table1[[#This Row],[LO3]]*Table1[[#This Row],[PA4]]*Table1[[#This Row],[FE5]] -> 2.25 | V12: {=_xlfn.IFS(AND('Risk Matrix'!$P$5 <= Table1[[#This Row],[Residual RSA]], Table1[[#This Row],[Residual RSA]] <= 'Risk Matrix'!$Q$5), 'Risk Matrix'!$R$5,AND('Risk Matrix'!$P$6 <= Table1[[#This Row],[Residual RSA]], Table1[[#This Row],[Residual RSA]] <= 'Risk Matrix'!$Q$6), 'Risk Matrix'!$R$6,AND('Risk Matrix'!$P$7 <= Table1[[#This Row],[Residual RSA]], Table1[[#This Row],[Residual RSA]] <= 'Risk Matrix'!$Q$7), 'Risk Matrix'!$R$7,AND('Risk Matrix'!$P$8 <= Table1[[#This Row],[Residual RSA]], Table1[[#This Row],[Residual RSA]] <= 'Risk Matrix'!$Q$8), 'Risk Matrix'!$R$8,AND('Risk Matrix'!$P$9 <= Table1[[#This Row],[Residual RSA]], Table1[[#This Row],[Residual RSA]] <= 'Risk Matrix'!$Q$9), 'Risk Matrix'!$R$9,AND('Risk Matrix'!$P$10 <= Table1[[#This Row],[Residual RSA]], Table1[[#This Row],[Residual RSA]] <= 'Risk Matrix'!$Q$10), 'Risk Matrix'!$R$10,AND('Risk Matrix'!$P$11 <= Table1[[#This Row],[Residual RSA]], Table1[[#This Row],[Residual RSA]] <= 'Risk Matrix'!$Q$11), 'Risk Matrix'!$R$11,AND('Risk Matrix'!$P$12 <= Table1[[#This Row],[Residual RSA]], Table1[[#This Row],[Residual RSA]] <= 'Risk Matrix'!$Q$12), 'Risk Matrix'!$R$12)} -> Negligible
A13: RIA 2 | B13: Ground Conveyors | C13: In Production | D13: Isolation valve for the air supply of the accumulation cylinders around the conveyor system are lacking. Without proper isolation, the air cylinders may move unexpectedly when the guards or emergency stop are activated, creating a potential injury risk. | E13: 3 | F13: 5 | G13: 2.5 | H13: 2 | I13: =Table1[[#This Row],[DPH]]*Table1[[#This Row],[LO]]*Table1[[#This Row],[PA]]*Table1[[#This Row],[FE]] -> 75 | J13: {=_xlfn.IFS(AND('Risk Matrix'!$P$5 <= Table1[[#This Row],[RSA]], Table1[[#This Row],[RSA]] <= 'Risk Matrix'!$Q$5), 'Risk Matrix'!$R$5,AND('Risk Matrix'!$P$6 <= Table1[[#This Row],[RSA]], Table1[[#This Row],[RSA]] <= 'Risk Matrix'!$Q$6), 'Risk Matrix'!$R$6,AND('Risk Matrix'!$P$7 <= Table1[[#This Row],[RSA]], Table1[[#This Row],[RSA]] <= 'Risk Matrix'!$Q$7), 'Risk Matrix'!$R$7,AND('Risk Matrix'!$P$8 <= Table1[[#This Row],[RSA]], Table1[[#This Row],[RSA]] <= 'Risk Matrix'!$Q$8), 'Risk Matrix'!$R$8,AND('Risk Matrix'!$P$9 <= Table1[[#This Row],[RSA]], Table1[[#This Row],[RSA]] <= 'Risk Matrix'!$Q$9), 'Risk Matrix'!$R$9,AND('Risk Matrix'!$P$10 <= Table1[[#This Row],[RSA]], Table1[[#This Row],[RSA]] <= 'Risk Matrix'!$Q$10), 'Risk Matrix'!$R$10,AND('Risk Matrix'!$P$11 <= Table1[[#This Row],[RSA]], Table1[[#This Row],[RSA]] <= 'Risk Matrix'!$Q$11), 'Risk Matrix'!$R$11,AND('Risk Matrix'!$P$12 <= Table1[[#This Row],[RSA]], Table1[[#This Row],[RSA]] <= 'Risk Matrix'!$Q$12), 'Risk Matrix'!$R$12)} -> Medium | K13: Install a distinctly labelled Lockout/Tagout (LOTO) pneumatic isolation valve that vents air externally, for maintenance and or cleaning, to stop unintended air cylinder movement when the emergency stops are activated, reducing the risk of injury. Ensure it is located in an easily reachable spot. | L13: Non Elec | N13: 46021 | P13: Engineering Control | Q13: 3 | R13: 0.5 | S13: 0.75 | T13: 2 | U13: =Table1[[#This Row],[DPH2]]*Table1[[#This Row],[LO3]]*Table1[[#This Row],[PA4]]*Table1[[#This Row],[FE5]] -> 2.25 | V13: {=_xlfn.IFS(AND('Risk Matrix'!$P$5 <= Table1[[#This Row],[Residual RSA]], Table1[[#This Row],[Residual RSA]] <= 'Risk Matrix'!$Q$5), 'Risk Matrix'!$R$5,AND('Risk Matrix'!$P$6 <= Table1[[#This Row],[Residual RSA]], Table1[[#This Row],[Residual RSA]] <= 'Risk Matrix'!$Q$6), 'Risk Matrix'!$R$6,AND('Risk Matrix'!$P$7 <= Table1[[#This Row],[Residual RSA]], Table1[[#This Row],[Residual RSA]] <= 'Risk Matrix'!$Q$7), 'Risk Matrix'!$R$7,AND('Risk Matrix'!$P$8 <= Table1[[#This Row],[Residual RSA]], Table1[[#This Row],[Residual RSA]] <= 'Risk Matrix'!$Q$8), 'Risk Matrix'!$R$8,AND('Risk Matrix'!$P$9 <= Table1[[#This Row],[Residual RSA]], Table1[[#This Row],[Residual RSA]] <= 'Risk Matrix'!$Q$9), 'Risk Matrix'!$R$9,AND('Risk Matrix'!$P$10 <= Table1[[#This Row],[Residual RSA]], Table1[[#This Row],[Residual RSA]] <= 'Risk Matrix'!$Q$10), 'Risk Matrix'!$R$10,AND('Risk Matrix'!$P$11 <= Table1[[#This Row],[Residual RSA]], Table1[[#This Row],[Residual RSA]] <= 'Risk Matrix'!$Q$11), 'Risk Matrix'!$R$11,AND('Risk Matrix'!$P$12 <= Table1[[#This Row],[Residual RSA]], Table1[[#This Row],[Residual RSA]] <= 'Risk Matrix'!$Q$12), 'Risk Matrix'!$R$12)} -> Negligible
A14: RIA 2 | B14: Freezers | C14: In Production | D14: The rear fixed guarding covering the drive belts and pulleys is secured with incorrect fixings, which could allow tampering with the guard. This increases the safety risk to personnel by potentially compromising the protective barrier. | E14: 5 | F14: 5 | G14: 2.5 | H14: 3 | I14: =Table1[[#This Row],[DPH]]*Table1[[#This Row],[LO]]*Table1[[#This Row],[PA]]*Table1[[#This Row],[FE]] -> 187.5 | J14: {=_xlfn.IFS(AND('Risk Matrix'!$P$5 <= Table1[[#This Row],[RSA]], Table1[[#This Row],[RSA]] <= 'Risk Matrix'!$Q$5), 'Risk Matrix'!$R$5,AND('Risk Matrix'!$P$6 <= Table1[[#This Row],[RSA]], Table1[[#This Row],[RSA]] <= 'Risk Matrix'!$Q$6), 'Risk Matrix'!$R$6,AND('Risk Matrix'!$P$7 <= Table1[[#This Row],[RSA]], Table1[[#This Row],[RSA]] <= 'Risk Matrix'!$Q$7), 'Risk Matrix'!$R$7,AND('Risk Matrix'!$P$8 <= Table1[[#This Row],[RSA]], Table1[[#This Row],[RSA]] <= 'Risk Matrix'!$Q$8), 'Risk Matrix'!$R$8,AND('Risk Matrix'!$P$9 <= Table1[[#This Row],[RSA]], Table1[[#This Row],[RSA]] <= 'Risk Matrix'!$Q$9), 'Risk Matrix'!$R$9,AND('Risk Matrix'!$P$10 <= Table1[[#This Row],[RSA]], Table1[[#This Row],[RSA]] <= 'Risk Matrix'!$Q$10), 'Risk Matrix'!$R$10,AND('Risk Matrix'!$P$11 <= Table1[[#This Row],[RSA]], Table1[[#This Row],[RSA]] <= 'Risk Matrix'!$Q$11), 'Risk Matrix'!$R$11,AND('Risk Matrix'!$P$12 <= Table1[[#This Row],[RSA]], Table1[[#This Row],[RSA]] <= 'Risk Matrix'!$Q$12), 'Risk Matrix'!$R$12)} -> High | K14: Install tamperproof fixings to the rear guards and modify them so that the fixings are retained on the guard or on the machine itself. LOTO procedures for maintenance and cleaning. | L14: Elec | N14: 46021 | P14: Engineering Control | Q14: 5 | R14: 0.5 | S14: 0.75 | T14: 3 | U14: =Table1[[#This Row],[DPH2]]*Table1[[#This Row],[LO3]]*Table1[[#This Row],[PA4]]*Table1[[#This Row],[FE5]] -> 5.625 | V14: {=_xlfn.IFS(AND('Risk Matrix'!$P$5 <= Table1[[#This Row],[Residual RSA]], Table1[[#This Row],[Residual RSA]] <= 'Risk Matrix'!$Q$5), 'Risk Matrix'!$R$5,AND('Risk Matrix'!$P$6 <= Table1[[#This Row],[Residual RSA]], Table1[[#This Row],[Residual RSA]] <= 'Risk Matrix'!$Q$6), 'Risk Matrix'!$R$6,AND('Risk Matrix'!$P$7 <= Table1[[#This Row],[Residual RSA]], Table1[[#This Row],[Residual RSA]] <= 'Risk Matrix'!$Q$7), 'Risk Matrix'!$R$7,AND('Risk Matrix'!$P$8 <= Table1[[#This Row],[Residual RSA]], Table1[[#This Row],[Residual RSA]] <= 'Risk Matrix'!$Q$8), 'Risk Matrix'!$R$8,AND('Risk Matrix'!$P$9 <= Table1[[#This Row],[Residual RSA]], Table1[[#This Row],[Residual RSA]] <= 'Risk Matrix'!$Q$9), 'Risk Matrix'!$R$9,AND('Risk Matrix'!$P$10 <= Table1[[#This Row],[Residual RSA]], Table1[[#This Row],[Residual RSA]] <= 'Risk Matrix'!$Q$10), 'Risk Matrix'!$R$10,AND('Risk Matrix'!$P$11 <= Table1[[#This Row],[Residual RSA]], Table1[[#This Row],[Residual RSA]] <= 'Risk Matrix'!$Q$11), 'Risk Matrix'!$R$11,AND('Risk Matrix'!$P$12 <= Table1[[#This Row],[Residual RSA]], Table1[[#This Row],[Residual RSA]] <= 'Risk Matrix'!$Q$12), 'Risk Matrix'!$R$12)} -> Negligible
A15: RIA 2 | B15: Freezers | C15: In Production | D15: The movable guarding on the left-hand side of the machine is not equipped with a safety interlock, allowing the guard to be opened without detection, which poses a risk of injury. | E15: 3 | F15: 6 | G15: 2.5 | H15: 4 | I15: =Table1[[#This Row],[DPH]]*Table1[[#This Row],[LO]]*Table1[[#This Row],[PA]]*Table1[[#This Row],[FE]] -> 180 | J15: {=_xlfn.IFS(AND('Risk Matrix'!$P$5 <= Table1[[#This Row],[RSA]], Table1[[#This Row],[RSA]] <= 'Risk Matrix'!$Q$5), 'Risk Matrix'!$R$5,AND('Risk Matrix'!$P$6 <= Table1[[#This Row],[RSA]], Table1[[#This Row],[RSA]] <= 'Risk Matrix'!$Q$6), 'Risk Matrix'!$R$6,AND('Risk Matrix'!$P$7 <= Table1[[#This Row],[RSA]], Table1[[#This Row],[RSA]] <= 'Risk Matrix'!$Q$7), 'Risk Matrix'!$R$7,AND('Risk Matrix'!$P$8 <= Table1[[#This Row],[RSA]], Table1[[#This Row],[RSA]] <= 'Risk Matrix'!$Q$8), 'Risk Matrix'!$R$8,AND('Risk Matrix'!$P$9 <= Table1[[#This Row],[RSA]], Table1[[#This Row],[RSA]] <= 'Risk Matrix'!$Q$9), 'Risk Matrix'!$R$9,AND('Risk Matrix'!$P$10 <= Table1[[#This Row],[RSA]], Table1[[#This Row],[RSA]] <= 'Risk Matrix'!$Q$10), 'Risk Matrix'!$R$10,AND('Risk Matrix'!$P$11 <= Table1[[#This Row],[RSA]], Table1[[#This Row],[RSA]] <= 'Risk Matrix'!$Q$11), 'Risk Matrix'!$R$11,AND('Risk Matrix'!$P$12 <= Table1[[#This Row],[RSA]], Table1[[#This Row],[RSA]] <= 'Risk Matrix'!$Q$12), 'Risk Matrix'!$R$12)} -> High | K15: Fit a tamperproof Type 4 interlock switch (featuring coded and RFID technology) and fasten both the interlock and actuator using tamperproof fixings. This setup prevents opening the guard when the machine is operating, aligning with CAT 3 architecture to improve safety and minimize risks. | L15: Elec | N15: 46021 | P15: Engineering Control | Q15: 3 | R15: 0.5 | S15: 0.75 | T15: 4 | U15: =Table1[[#This Row],[DPH2]]*Table1[[#This Row],[LO3]]*Table1[[#This Row],[PA4]]*Table1[[#This Row],[FE5]] -> 4.5 | V15: {=_xlfn.IFS(AND('Risk Matrix'!$P$5 <= Table1[[#This Row],[Residual RSA]], Table1[[#This Row],[Residual RSA]] <= 'Risk Matrix'!$Q$5), 'Risk Matrix'!$R$5,AND('Risk Matrix'!$P$6 <= Table1[[#This Row],[Residual RSA]], Table1[[#This Row],[Residual RSA]] <= 'Risk Matrix'!$Q$6), 'Risk Matrix'!$R$6,AND('Risk Matrix'!$P$7 <= Table1[[#This Row],[Residual RSA]], Table1[[#This Row],[Residual RSA]] <= 'Risk Matrix'!$Q$7), 'Risk Matrix'!$R$7,AND('Risk Matrix'!$P$8 <= Table1[[#This Row],[Residual RSA]], Table1[[#This Row],[Residual RSA]] <= 'Risk Matrix'!$Q$8), 'Risk Matrix'!$R$8,AND('Risk Matrix'!$P$9 <= Table1[[#This Row],[Residual RSA]], Table1[[#This Row],[Residual RSA]] <= 'Risk Matrix'!$Q$9), 'Risk Matrix'!$R$9,AND('Risk Matrix'!$P$10 <= Table1[[#This Row],[Residual RSA]], Table1[[#This Row],[Residual RSA]] <= 'Risk Matrix'!$Q$10), 'Risk Matrix'!$R$10,AND('Risk Matrix'!$P$11 <= Table1[[#This Row],[Residual RSA]], Table1[[#This Row],[Residual RSA]] <= 'Risk Matrix'!$Q$11), 'Risk Matrix'!$R$11,AND('Risk Matrix'!$P$12 <= Table1[[#This Row],[Residual RSA]], Table1[[#This Row],[Residual RSA]] <= 'Risk Matrix'!$Q$12), 'Risk Matrix'!$R$12)} -> Negligible
A16: RIA 2 | B16: Freezers | C16: In Production | D16: The movable guarding on the right-hand side of the machine is not equipped with a safety interlock, allowing the guard to be opened without detection, which poses a risk of injury. | E16: 3 | F16: 6 | G16: 2.5 | H16: 4 | I16: =Table1[[#This Row],[DPH]]*Table1[[#This Row],[LO]]*Table1[[#This Row],[PA]]*Table1[[#This Row],[FE]] -> 180 | J16: {=_xlfn.IFS(AND('Risk Matrix'!$P$5 <= Table1[[#This Row],[RSA]], Table1[[#This Row],[RSA]] <= 'Risk Matrix'!$Q$5), 'Risk Matrix'!$R$5,AND('Risk Matrix'!$P$6 <= Table1[[#This Row],[RSA]], Table1[[#This Row],[RSA]] <= 'Risk Matrix'!$Q$6), 'Risk Matrix'!$R$6,AND('Risk Matrix'!$P$7 <= Table1[[#This Row],[RSA]], Table1[[#This Row],[RSA]] <= 'Risk Matrix'!$Q$7), 'Risk Matrix'!$R$7,AND('Risk Matrix'!$P$8 <= Table1[[#This Row],[RSA]], Table1[[#This Row],[RSA]] <= 'Risk Matrix'!$Q$8), 'Risk Matrix'!$R$8,AND('Risk Matrix'!$P$9 <= Table1[[#This Row],[RSA]], Table1[[#This Row],[RSA]] <= 'Risk Matrix'!$Q$9), 'Risk Matrix'!$R$9,AND('Risk Matrix'!$P$10 <= Table1[[#This Row],[RSA]], Table1[[#This Row],[RSA]] <= 'Risk Matrix'!$Q$10), 'Risk Matrix'!$R$10,AND('Risk Matrix'!$P$11 <= Table1[[#This Row],[RSA]], Table1[[#This Row],[RSA]] <= 'Risk Matrix'!$Q$11), 'Risk Matrix'!$R$11,AND('Risk Matrix'!$P$12 <= Table1[[#This Row],[RSA]], Table1[[#This Row],[RSA]] <= 'Risk Matrix'!$Q$12), 'Risk Matrix'!$R$12)} -> High | K16: Fit a tamperproof Type 4 interlock switch (featuring coded and RFID technology) and fasten both the interlock and actuator using tamperproof fixings. This setup prevents opening the guard when the machine is operating, aligning with CAT 3 architecture to improve safety and minimize risks. | L16: Elec | N16: 46021 | P16: Engineering Control | Q16: 3 | R16: 0.5 | S16: 0.75 | T16: 4 | U16: =Table1[[#This Row],[DPH2]]*Table1[[#This Row],[LO3]]*Table1[[#This Row],[PA4]]*Table1[[#This Row],[FE5]] -> 4.5 | V16: {=_xlfn.IFS(AND('Risk Matrix'!$P$5 <= Table1[[#This Row],[Residual RSA]], Table1[[#This Row],[Residual RSA]] <= 'Risk Matrix'!$Q$5), 'Risk Matrix'!$R$5,AND('Risk Matrix'!$P$6 <= Table1[[#This Row],[Residual RSA]], Table1[[#This Row],[Residual RSA]] <= 'Risk Matrix'!$Q$6), 'Risk Matrix'!$R$6,AND('Risk Matrix'!$P$7 <= Table1[[#This Row],[Residual RSA]], Table1[[#This Row],[Residual RSA]] <= 'Risk Matrix'!$Q$7), 'Risk Matrix'!$R$7,AND('Risk Matrix'!$P$8 <= Table1[[#This Row],[Residual RSA]], Table1[[#This Row],[Residual RSA]] <= 'Risk Matrix'!$Q$8), 'Risk Matrix'!$R$8,AND('Risk Matrix'!$P$9 <= Table1[[#This Row],[Residual RSA]], Table1[[#This Row],[Residual RSA]] <= 'Risk Matrix'!$Q$9), 'Risk Matrix'!$R$9,AND('Risk Matrix'!$P$10 <= Table1[[#This Row],[Residual RSA]], Table1[[#This Row],[Residual RSA]] <= 'Risk Matrix'!$Q$10), 'Risk Matrix'!$R$10,AND('Risk Matrix'!$P$11 <= Table1[[#This Row],[Residual RSA]], Table1[[#This Row],[Residual RSA]] <= 'Risk Matrix'!$Q$11), 'Risk Matrix'!$R$11,AND('Risk Matrix'!$P$12 <= Table1[[#This Row],[Residual RSA]], Table1[[#This Row],[Residual RSA]] <= 'Risk Matrix'!$Q$12), 'Risk Matrix'!$R$12)} -> Negligible
A17: RIA 2 | B17: Freezers | C17: Under Formal Maintenance | D17: Ammonia pipes are connected to this machine for the purpose of freezing the ice cream. However, both the Liquid Ammonia and Hot Gas Ammonia lines are not equipped with LOTO (Lockout/Tagout) isolation valves. The absence of these isolation valves creates a significant safety risk, as proper Lockout/Tagout procedures are essential when performing maintenance or servicing tasks on the machine. Without the correct LOTO measures in place to isolate the ammonia lines, personnel are exposed to the risk of accidental release or exposure to hazardous ammonia, which could lead to serious injury or harm. Therefore, it is imperative to install the necessary LOTO isolation valves to ensure safe working conditions and compliance with safety regulations. | E17: 5 | F17: 5 | G17: 2.5 | H17: 3 | I17: =Table1[[#This Row],[DPH]]*Table1[[#This Row],[LO]]*Table1[[#This Row],[PA]]*Table1[[#This Row],[FE]] -> 187.5 | J17: {=_xlfn.IFS(AND('Risk Matrix'!$P$5 <= Table1[[#This Row],[RSA]], Table1[[#This Row],[RSA]] <= 'Risk Matrix'!$Q$5), 'Risk Matrix'!$R$5,AND('Risk Matrix'!$P$6 <= Table1[[#This Row],[RSA]], Table1[[#This Row],[RSA]] <= 'Risk Matrix'!$Q$6), 'Risk Matrix'!$R$6,AND('Risk Matrix'!$P$7 <= Table1[[#This Row],[RSA]], Table1[[#This Row],[RSA]] <= 'Risk Matrix'!$Q$7), 'Risk Matrix'!$R$7,AND('Risk Matrix'!$P$8 <= Table1[[#This Row],[RSA]], Table1[[#This Row],[RSA]] <= 'Risk Matrix'!$Q$8), 'Risk Matrix'!$R$8,AND('Risk Matrix'!$P$9 <= Table1[[#This Row],[RSA]], Table1[[#This Row],[RSA]] <= 'Risk Matrix'!$Q$9), 'Risk Matrix'!$R$9,AND('Risk Matrix'!$P$10 <= Table1[[#This Row],[RSA]], Table1[[#This Row],[RSA]] <= 'Risk Matrix'!$Q$10), 'Risk Matrix'!$R$10,AND('Risk Matrix'!$P$11 <= Table1[[#This Row],[RSA]], Table1[[#This Row],[RSA]] <= 'Risk Matrix'!$Q$11), 'Risk Matrix'!$R$11,AND('Risk Matrix'!$P$12 <= Table1[[#This Row],[RSA]], Table1[[#This Row],[RSA]] <= 'Risk Matrix'!$Q$12), 'Risk Matrix'!$R$12)} -> High | K17: Implement Lockout/Tagout (LOTO) procedures for the ammonia valves, and ensure a Standard Operating Procedure (SOP) is strictly followed when operating or performing maintenance on these lines. Special PPE, special regular operator training is required to handle this substance. | N17: 46021 | P17: Admin Control | Q17: 5 | R17: 0.5 | S17: 0.75 | T17: 3 | U17: =Table1[[#This Row],[DPH2]]*Table1[[#This Row],[LO3]]*Table1[[#This Row],[PA4]]*Table1[[#This Row],[FE5]] -> 5.625 | V17: {=_xlfn.IFS(AND('Risk Matrix'!$P$5 <= Table1[[#This Row],[Residual RSA]], Table1[[#This Row],[Residual RSA]] <= 'Risk Matrix'!$Q$5), 'Risk Matrix'!$R$5,AND('Risk Matrix'!$P$6 <= Table1[[#This Row],[Residual RSA]], Table1[[#This Row],[Residual RSA]] <= 'Risk Matrix'!$Q$6), 'Risk Matrix'!$R$6,AND('Risk Matrix'!$P$7 <= Table1[[#This Row],[Residual RSA]], Table1[[#This Row],[Residual RSA]] <= 'Risk Matrix'!$Q$7), 'Risk Matrix'!$R$7,AND('Risk Matrix'!$P$8 <= Table1[[#This Row],[Residual RSA]], Table1[[#This Row],[Residual RSA]] <= 'Risk Matrix'!$Q$8), 'Risk Matrix'!$R$8,AND('Risk Matrix'!$P$9 <= Table1[[#This Row],[Residual RSA]], Table1[[#This Row],[Residual RSA]] <= 'Risk Matrix'!$Q$9), 'Risk Matrix'!$R$9,AND('Risk Matrix'!$P$10 <= Table1[[#This Row],[Residual RSA]], Table1[[#This Row],[Residual RSA]] <= 'Risk Matrix'!$Q$10), 'Risk Matrix'!$R$10,AND('Risk Matrix'!$P$11 <= Table1[[#This Row],[Residual RSA]], Table1[[#This Row],[Residual RSA]] <= 'Risk Matrix'!$Q$11), 'Risk Matrix'!$R$11,AND('Risk Matrix'!$P$12 <= Table1[[#This Row],[Residual RSA]], Table1[[#This Row],[Residual RSA]] <= 'Risk Matrix'!$Q$12), 'Risk Matrix'!$R$12)} -> Negligible
A18: RIA 2 | B18: Freezers | C18: In Production | D18: The machine's primary air supply does not have a Lockout-Tagout (LOTO) isolation valve. Without proper isolation, the air cylinders may move unexpectedly when the guards or emergency stop are activated, creating a potential injury risk. | E18: 5 | F18: 4 | G18: 2.5 | H18: 4 | I18: =Table1[[#This Row],[DPH]]*Table1[[#This Row],[LO]]*Table1[[#This Row],[PA]]*Table1[[#This Row],[FE]] -> 200 | J18: {=_xlfn.IFS(AND('Risk Matrix'!$P$5 <= Table1[[#This Row],[RSA]], Table1[[#This Row],[RSA]] <= 'Risk Matrix'!$Q$5), 'Risk Matrix'!$R$5,AND('Risk Matrix'!$P$6 <= Table1[[#This Row],[RSA]], Table1[[#This Row],[RSA]] <= 'Risk Matrix'!$Q$6), 'Risk Matrix'!$R$6,AND('Risk Matrix'!$P$7 <= Table1[[#This Row],[RSA]], Table1[[#This Row],[RSA]] <= 'Risk Matrix'!$Q$7), 'Risk Matrix'!$R$7,AND('Risk Matrix'!$P$8 <= Table1[[#This Row],[RSA]], Table1[[#This Row],[RSA]] <= 'Risk Matrix'!$Q$8), 'Risk Matrix'!$R$8,AND('Risk Matrix'!$P$9 <= Table1[[#This Row],[RSA]], Table1[[#This Row],[RSA]] <= 'Risk Matrix'!$Q$9), 'Risk Matrix'!$R$9,AND('Risk Matrix'!$P$10 <= Table1[[#This Row],[RSA]], Table1[[#This Row],[RSA]] <= 'Risk Matrix'!$Q$10), 'Risk Matrix'!$R$10,AND('Risk Matrix'!$P$11 <= Table1[[#This Row],[RSA]], Table1[[#This Row],[RSA]] <= 'Risk Matrix'!$Q$11), 'Risk Matrix'!$R$11,AND('Risk Matrix'!$P$12 <= Table1[[#This Row],[RSA]], Table1[[#This Row],[RSA]] <= 'Risk Matrix'!$Q$12), 'Risk Matrix'!$R$12)} -> High | K18: Install a distinctly labelled Lockout/Tagout (LOTO) pneumatic isolation valve that vents air externally, to stop unintended air movement when guards or emergency stops are activated, reducing the risk of injury. Ensure it is located in an easily reachable spot. SOP should include proper LOTO procedures during maintenance and cleaning operations | N18: 46021 | P18: Admin Control | Q18: 5 | R18: 1.25 | S18: 0.75 | T18: 4 | U18: =Table1[[#This Row],[DPH2]]*Table1[[#This Row],[LO3]]*Table1[[#This Row],[PA4]]*Table1[[#This Row],[FE5]] -> 18.75 | V18: {=_xlfn.IFS(AND('Risk Matrix'!$P$5 <= Table1[[#This Row],[Residual RSA]], Table1[[#This Row],[Residual RSA]] <= 'Risk Matrix'!$Q$5), 'Risk Matrix'!$R$5,AND('Risk Matrix'!$P$6 <= Table1[[#This Row],[Residual RSA]], Table1[[#This Row],[Residual RSA]] <= 'Risk Matrix'!$Q$6), 'Risk Matrix'!$R$6,AND('Risk Matrix'!$P$7 <= Table1[[#This Row],[Residual RSA]], Table1[[#This Row],[Residual RSA]] <= 'Risk Matrix'!$Q$7), 'Risk Matrix'!$R$7,AND('Risk Matrix'!$P$8 <= Table1[[#This Row],[Residual RSA]], Table1[[#This Row],[Residual RSA]] <= 'Risk Matrix'!$Q$8), 'Risk Matrix'!$R$8,AND('Risk Matrix'!$P$9 <= Table1[[#This Row],[Residual RSA]], Table1[[#This Row],[Residual RSA]] <= 'Risk Matrix'!$Q$9), 'Risk Matrix'!$R$9,AND('Risk Matrix'!$P$10 <= Table1[[#This Row],[Residual RSA]], Table1[[#This Row],[Residual RSA]] <= 'Risk Matrix'!$Q$10), 'Risk Matrix'!$R$10,AND('Risk Matrix'!$P$11 <= Table1[[#This Row],[Residual RSA]], Table1[[#This Row],[Residual RSA]] <= 'Risk Matrix'!$Q$11), 'Risk Matrix'!$R$11,AND('Risk Matrix'!$P$12 <= Table1[[#This Row],[Residual RSA]], Table1[[#This Row],[Residual RSA]] <= 'Risk Matrix'!$Q$12), 'Risk Matrix'!$R$12)} -> Low
A19: RIA 2 | B19: Freezers | C19: In Production | D19: The machine's primary cold water supply does not have a Lockout-Tagout (LOTO) isolation valve. Without proper isolation, the air cylinders may move unexpectedly when the guards or emergency stop are activated, creating a potential injury risk. | E19: 5 | F19: 4 | G19: 2.5 | H19: 4 | I19: =Table1[[#This Row],[DPH]]*Table1[[#This Row],[LO]]*Table1[[#This Row],[PA]]*Table1[[#This Row],[FE]] -> 200 | J19: {=_xlfn.IFS(AND('Risk Matrix'!$P$5 <= Table1[[#This Row],[RSA]], Table1[[#This Row],[RSA]] <= 'Risk Matrix'!$Q$5), 'Risk Matrix'!$R$5,AND('Risk Matrix'!$P$6 <= Table1[[#This Row],[RSA]], Table1[[#This Row],[RSA]] <= 'Risk Matrix'!$Q$6), 'Risk Matrix'!$R$6,AND('Risk Matrix'!$P$7 <= Table1[[#This Row],[RSA]], Table1[[#This Row],[RSA]] <= 'Risk Matrix'!$Q$7), 'Risk Matrix'!$R$7,AND('Risk Matrix'!$P$8 <= Table1[[#This Row],[RSA]], Table1[[#This Row],[RSA]] <= 'Risk Matrix'!$Q$8), 'Risk Matrix'!$R$8,AND('Risk Matrix'!$P$9 <= Table1[[#This Row],[RSA]], Table1[[#This Row],[RSA]] <= 'Risk Matrix'!$Q$9), 'Risk Matrix'!$R$9,AND('Risk Matrix'!$P$10 <= Table1[[#This Row],[RSA]], Table1[[#This Row],[RSA]] <= 'Risk Matrix'!$Q$10), 'Risk Matrix'!$R$10,AND('Risk Matrix'!$P$11 <= Table1[[#This Row],[RSA]], Table1[[#This Row],[RSA]] <= 'Risk Matrix'!$Q$11), 'Risk Matrix'!$R$11,AND('Risk Matrix'!$P$12 <= Table1[[#This Row],[RSA]], Table1[[#This Row],[RSA]] <= 'Risk Matrix'!$Q$12), 'Risk Matrix'!$R$12)} -> High | K19: Install a LOTO type Cold water valve. Additionally, clearly identifying and ensuring easy access to each energy source is crucial for quick isolation and the effective implementation of Lockout-Tagout (LOTO) procedures when necessary. Also install signage to identify that this is the main isolation point. | L19: Non Elec | N19: 46021 | P19: Engineering Control | Q19: 5 | R19: 1.25 | S19: 0.75 | T19: 4 | U19: =Table1[[#This Row],[DPH2]]*Table1[[#This Row],[LO3]]*Table1[[#This Row],[PA4]]*Table1[[#This Row],[FE5]] -> 18.75 | V19: {=_xlfn.IFS(AND('Risk Matrix'!$P$5 <= Table1[[#This Row],[Residual RSA]], Table1[[#This Row],[Residual RSA]] <= 'Risk Matrix'!$Q$5), 'Risk Matrix'!$R$5,AND('Risk Matrix'!$P$6 <= Table1[[#This Row],[Residual RSA]], Table1[[#This Row],[Residual RSA]] <= 'Risk Matrix'!$Q$6), 'Risk Matrix'!$R$6,AND('Risk Matrix'!$P$7 <= Table1[[#This Row],[Residual RSA]], Table1[[#This Row],[Residual RSA]] <= 'Risk Matrix'!$Q$7), 'Risk Matrix'!$R$7,AND('Risk Matrix'!$P$8 <= Table1[[#This Row],[Residual RSA]], Table1[[#This Row],[Residual RSA]] <= 'Risk Matrix'!$Q$8), 'Risk Matrix'!$R$8,AND('Risk Matrix'!$P$9 <= Table1[[#This Row],[Residual RSA]], Table1[[#This Row],[Residual RSA]] <= 'Risk Matrix'!$Q$9), 'Risk Matrix'!$R$9,AND('Risk Matrix'!$P$10 <= Table1[[#This Row],[Residual RSA]], Table1[[#This Row],[Residual RSA]] <= 'Risk Matrix'!$Q$10), 'Risk Matrix'!$R$10,AND('Risk Matrix'!$P$11 <= Table1[[#This Row],[Residual RSA]], Table1[[#This Row],[Residual RSA]] <= 'Risk Matrix'!$Q$11), 'Risk Matrix'!$R$11,AND('Risk Matrix'!$P$12 <= Table1[[#This Row],[Residual RSA]], Table1[[#This Row],[Residual RSA]] <= 'Risk Matrix'!$Q$12), 'Risk Matrix'!$R$12)} -> Low
A20: RIA 2 | B20: Freezers | C20: In Production | D20: The machine's primary Hot water supply does not have a Lockout-Tagout (LOTO) isolation valve. Without proper isolation, the air cylinders may move unexpectedly when the guards or emergency stop are activated, creating a potential injury risk. | E20: 5 | F20: 4 | G20: 2.5 | H20: 4 | I20: =Table1[[#This Row],[DPH]]*Table1[[#This Row],[LO]]*Table1[[#This Row],[PA]]*Table1[[#This Row],[FE]] -> 200 | J20: {=_xlfn.IFS(AND('Risk Matrix'!$P$5 <= Table1[[#This Row],[RSA]], Table1[[#This Row],[RSA]] <= 'Risk Matrix'!$Q$5), 'Risk Matrix'!$R$5,AND('Risk Matrix'!$P$6 <= Table1[[#This Row],[RSA]], Table1[[#This Row],[RSA]] <= 'Risk Matrix'!$Q$6), 'Risk Matrix'!$R$6,AND('Risk Matrix'!$P$7 <= Table1[[#This Row],[RSA]], Table1[[#This Row],[RSA]] <= 'Risk Matrix'!$Q$7), 'Risk Matrix'!$R$7,AND('Risk Matrix'!$P$8 <= Table1[[#This Row],[RSA]], Table1[[#This Row],[RSA]] <= 'Risk Matrix'!$Q$8), 'Risk Matrix'!$R$8,AND('Risk Matrix'!$P$9 <= Table1[[#This Row],[RSA]], Table1[[#This Row],[RSA]] <= 'Risk Matrix'!$Q$9), 'Risk Matrix'!$R$9,AND('Risk Matrix'!$P$10 <= Table1[[#This Row],[RSA]], Table1[[#This Row],[RSA]] <= 'Risk Matrix'!$Q$10), 'Risk Matrix'!$R$10,AND('Risk Matrix'!$P$11 <= Table1[[#This Row],[RSA]], Table1[[#This Row],[RSA]] <= 'Risk Matrix'!$Q$11), 'Risk Matrix'!$R$11,AND('Risk Matrix'!$P$12 <= Table1[[#This Row],[RSA]], Table1[[#This Row],[RSA]] <= 'Risk Matrix'!$Q$12), 'Risk Matrix'!$R$12)} -> High | K20: Install a LOTO type Hot water valve. Additionally, clearly identifying and ensuring easy access to each energy source is crucial for quick isolation and the effective implementation of Lockout-Tagout (LOTO) procedures when necessary. Also install signage to identify that this is the main isolation point. | L20: Non Elec | N20: 46021 | P20: Engineering Control | Q20: 5 | R20: 0.5 | S20: 0.75 | T20: 4 | U20: =Table1[[#This Row],[DPH2]]*Table1[[#This Row],[LO3]]*Table1[[#This Row],[PA4]]*Table1[[#This Row],[FE5]] -> 7.5 | V20: {=_xlfn.IFS(AND('Risk Matrix'!$P$5 <= Table1[[#This Row],[Residual RSA]], Table1[[#This Row],[Residual RSA]] <= 'Risk Matrix'!$Q$5), 'Risk Matrix'!$R$5,AND('Risk Matrix'!$P$6 <= Table1[[#This Row],[Residual RSA]], Table1[[#This Row],[Residual RSA]] <= 'Risk Matrix'!$Q$6), 'Risk Matrix'!$R$6,AND('Risk Matrix'!$P$7 <= Table1[[#This Row],[Residual RSA]], Table1[[#This Row],[Residual RSA]] <= 'Risk Matrix'!$Q$7), 'Risk Matrix'!$R$7,AND('Risk Matrix'!$P$8 <= Table1[[#This Row],[Residual RSA]], Table1[[#This Row],[Residual RSA]] <= 'Risk Matrix'!$Q$8), 'Risk Matrix'!$R$8,AND('Risk Matrix'!$P$9 <= Table1[[#This Row],[Residual RSA]], Table1[[#This Row],[Residual RSA]] <= 'Risk Matrix'!$Q$9), 'Risk Matrix'!$R$9,AND('Risk Matrix'!$P$10 <= Table1[[#This Row],[Residual RSA]], Table1[[#This Row],[Residual RSA]] <= 'Risk Matrix'!$Q$10), 'Risk Matrix'!$R$10,AND('Risk Matrix'!$P$11 <= Table1[[#This Row],[Residual RSA]], Table1[[#This Row],[Residual RSA]] <= 'Risk Matrix'!$Q$11), 'Risk Matrix'!$R$11,AND('Risk Matrix'!$P$12 <= Table1[[#This Row],[Residual RSA]], Table1[[#This Row],[Residual RSA]] <= 'Risk Matrix'!$Q$12), 'Risk Matrix'!$R$12)} -> Negligible
A21: RIA 2 | B21: HSW | C21: In Production | D21: The guard locking switches installed on the Heat Seal Wrapper on both guards are Type 2 devices, which can be easily tampered with. If these safety interlocks are bypassed, the guards could be opened undetected while the machine is in operation, allowing unauthorized access and posing a significant risk of injury to personnel. | E21: 11 | F21: 5 | G21: 2.5 | H21: 4 | I21: =Table1[[#This Row],[DPH]]*Table1[[#This Row],[LO]]*Table1[[#This Row],[PA]]*Table1[[#This Row],[FE]] -> 550 | J21: {=_xlfn.IFS(AND('Risk Matrix'!$P$5 <= Table1[[#This Row],[RSA]], Table1[[#This Row],[RSA]] <= 'Risk Matrix'!$Q$5), 'Risk Matrix'!$R$5,AND('Risk Matrix'!$P$6 <= Table1[[#This Row],[RSA]], Table1[[#This Row],[RSA]] <= 'Risk Matrix'!$Q$6), 'Risk Matrix'!$R$6,AND('Risk Matrix'!$P$7 <= Table1[[#This Row],[RSA]], Table1[[#This Row],[RSA]] <= 'Risk Matrix'!$Q$7), 'Risk Matrix'!$R$7,AND('Risk Matrix'!$P$8 <= Table1[[#This Row],[RSA]], Table1[[#This Row],[RSA]] <= 'Risk Matrix'!$Q$8), 'Risk Matrix'!$R$8,AND('Risk Matrix'!$P$9 <= Table1[[#This Row],[RSA]], Table1[[#This Row],[RSA]] <= 'Risk Matrix'!$Q$9), 'Risk Matrix'!$R$9,AND('Risk Matrix'!$P$10 <= Table1[[#This Row],[RSA]], Table1[[#This Row],[RSA]] <= 'Risk Matrix'!$Q$10), 'Risk Matrix'!$R$10,AND('Risk Matrix'!$P$11 <= Table1[[#This Row],[RSA]], Table1[[#This Row],[RSA]] <= 'Risk Matrix'!$Q$11), 'Risk Matrix'!$R$11,AND('Risk Matrix'!$P$12 <= Table1[[#This Row],[RSA]], Table1[[#This Row],[RSA]] <= 'Risk Matrix'!$Q$12), 'Risk Matrix'!$R$12)} -> Extreme | K21: Keep the existing guard locking switch and actuator and add an additional tamperproof Type 4 interlock switch (equipped with coded and RFID technology). Secure the interlock to the machine and attach the actuator to each of the moveable guards using tamperproof fixings. Integrate these components into the enhanced CAT 3 safety control system. Verify that all fixings for both the actuator and interlock switch are firmly fastened to prevent tampering or misalignment. | L21: Elec | N21: 46021 | P21: Engineering Control | Q21: 11 | R21: 0.5 | S21: 0.75 | T21: 4 | U21: =Table1[[#This Row],[DPH2]]*Table1[[#This Row],[LO3]]*Table1[[#This Row],[PA4]]*Table1[[#This Row],[FE5]] -> 16.5 | V21: {=_xlfn.IFS(AND('Risk Matrix'!$P$5 <= Table1[[#This Row],[Residual RSA]], Table1[[#This Row],[Residual RSA]] <= 'Risk Matrix'!$Q$5), 'Risk Matrix'!$R$5,AND('Risk Matrix'!$P$6 <= Table1[[#This Row],[Residual RSA]], Table1[[#This Row],[Residual RSA]] <= 'Risk Matrix'!$Q$6), 'Risk Matrix'!$R$6,AND('Risk Matrix'!$P$7 <= Table1[[#This Row],[Residual RSA]], Table1[[#This Row],[Residual RSA]] <= 'Risk Matrix'!$Q$7), 'Risk Matrix'!$R$7,AND('Risk Matrix'!$P$8 <= Table1[[#This Row],[Residual RSA]], Table1[[#This Row],[Residual RSA]] <= 'Risk Matrix'!$Q$8), 'Risk Matrix'!$R$8,AND('Risk Matrix'!$P$9 <= Table1[[#This Row],[Residual RSA]], Table1[[#This Row],[Residual RSA]] <= 'Risk Matrix'!$Q$9), 'Risk Matrix'!$R$9,AND('Risk Matrix'!$P$10 <= Table1[[#This Row],[Residual RSA]], Table1[[#This Row],[Residual RSA]] <= 'Risk Matrix'!$Q$10), 'Risk Matrix'!$R$10,AND('Risk Matrix'!$P$11 <= Table1[[#This Row],[Residual RSA]], Table1[[#This Row],[Residual RSA]] <= 'Risk Matrix'!$Q$11), 'Risk Matrix'!$R$11,AND('Risk Matrix'!$P$12 <= Table1[[#This Row],[Residual RSA]], Table1[[#This Row],[Residual RSA]] <= 'Risk Matrix'!$Q$12), 'Risk Matrix'!$R$12)} -> Low
A22: RIA 2 | B22: HSW | C22: In Production | D22: At the rear of the machine, above the electrical panel, the lower section of the rear guard lacks proper guarding. This absence of protection creates an opening through which personnel could inadvertently reach into the machine without being detected. Without adequate safeguarding, there is an increased risk of accidental contact with moving parts or electrical components, potentially leading to serious injury. | E22: 11 | F22: 4 | G22: 2.5 | H22: 3 | I22: =Table1[[#This Row],[DPH]]*Table1[[#This Row],[LO]]*Table1[[#This Row],[PA]]*Table1[[#This Row],[FE]] -> 330 | J22: {=_xlfn.IFS(AND('Risk Matrix'!$P$5 <= Table1[[#This Row],[RSA]], Table1[[#This Row],[RSA]] <= 'Risk Matrix'!$Q$5), 'Risk Matrix'!$R$5,AND('Risk Matrix'!$P$6 <= Table1[[#This Row],[RSA]], Table1[[#This Row],[RSA]] <= 'Risk Matrix'!$Q$6), 'Risk Matrix'!$R$6,AND('Risk Matrix'!$P$7 <= Table1[[#This Row],[RSA]], Table1[[#This Row],[RSA]] <= 'Risk Matrix'!$Q$7), 'Risk Matrix'!$R$7,AND('Risk Matrix'!$P$8 <= Table1[[#This Row],[RSA]], Table1[[#This Row],[RSA]] <= 'Risk Matrix'!$Q$8), 'Risk Matrix'!$R$8,AND('Risk Matrix'!$P$9 <= Table1[[#This Row],[RSA]], Table1[[#This Row],[RSA]] <= 'Risk Matrix'!$Q$9), 'Risk Matrix'!$R$9,AND('Risk Matrix'!$P$10 <= Table1[[#This Row],[RSA]], Table1[[#This Row],[RSA]] <= 'Risk Matrix'!$Q$10), 'Risk Matrix'!$R$10,AND('Risk Matrix'!$P$11 <= Table1[[#This Row],[RSA]], Table1[[#This Row],[RSA]] <= 'Risk Matrix'!$Q$11), 'Risk Matrix'!$R$11,AND('Risk Matrix'!$P$12 <= Table1[[#This Row],[RSA]], Table1[[#This Row],[RSA]] <= 'Risk Matrix'!$Q$12), 'Risk Matrix'!$R$12)} -> Very High | K22: Install guarding to the bottom of the rear guard to stop access to the moving parts. All fixings must be tamperproof. LOTO procedures for maintenance and cleaning. | L22: Non Elec | N22: 46021 | P22: Engineering Control | Q22: 11 | R22: 1.25 | S22: 0.75 | T22: 3 | U22: =Table1[[#This Row],[DPH2]]*Table1[[#This Row],[LO3]]*Table1[[#This Row],[PA4]]*Table1[[#This Row],[FE5]] -> 30.9375 | V22: {=_xlfn.IFS(AND('Risk Matrix'!$P$5 <= Table1[[#This Row],[Residual RSA]], Table1[[#This Row],[Residual RSA]] <= 'Risk Matrix'!$Q$5), 'Risk Matrix'!$R$5,AND('Risk Matrix'!$P$6 <= Table1[[#This Row],[Residual RSA]], Table1[[#This Row],[Residual RSA]] <= 'Risk Matrix'!$Q$6), 'Risk Matrix'!$R$6,AND('Risk Matrix'!$P$7 <= Table1[[#This Row],[Residual RSA]], Table1[[#This Row],[Residual RSA]] <= 'Risk Matrix'!$Q$7), 'Risk Matrix'!$R$7,AND('Risk Matrix'!$P$8 <= Table1[[#This Row],[Residual RSA]], Table1[[#This Row],[Residual RSA]] <= 'Risk Matrix'!$Q$8), 'Risk Matrix'!$R$8,AND('Risk Matrix'!$P$9 <= Table1[[#This Row],[Residual RSA]], Table1[[#This Row],[Residual RSA]] <= 'Risk Matrix'!$Q$9), 'Risk Matrix'!$R$9,AND('Risk Matrix'!$P$10 <= Table1[[#This Row],[Residual RSA]], Table1[[#This Row],[Residual RSA]] <= 'Risk Matrix'!$Q$10), 'Risk Matrix'!$R$10,AND('Risk Matrix'!$P$11 <= Table1[[#This Row],[Residual RSA]], Table1[[#This Row],[Residual RSA]] <= 'Risk Matrix'!$Q$11), 'Risk Matrix'!$R$11,AND('Risk Matrix'!$P$12 <= Table1[[#This Row],[Residual RSA]], Table1[[#This Row],[Residual RSA]] <= 'Risk Matrix'!$Q$12), 'Risk Matrix'!$R$12)} -> Low
A23: RIA 2 | B23: HSW | C23: In Production | D23: At the rear of the machine, above the electrical panel, there is an opening on the left-hand side of the guard that allows personnel to reach into the machine. This lack of protection increases the risk of accidental contact with hazardous components, potentially resulting in injury. | E23: 8 | F23: 4 | G23: 2.5 | H23: 3 | I23: =Table1[[#This Row],[DPH]]*Table1[[#This Row],[LO]]*Table1[[#This Row],[PA]]*Table1[[#This Row],[FE]] -> 240 | J23: {=_xlfn.IFS(AND('Risk Matrix'!$P$5 <= Table1[[#This Row],[RSA]], Table1[[#This Row],[RSA]] <= 'Risk Matrix'!$Q$5), 'Risk Matrix'!$R$5,AND('Risk Matrix'!$P$6 <= Table1[[#This Row],[RSA]], Table1[[#This Row],[RSA]] <= 'Risk Matrix'!$Q$6), 'Risk Matrix'!$R$6,AND('Risk Matrix'!$P$7 <= Table1[[#This Row],[RSA]], Table1[[#This Row],[RSA]] <= 'Risk Matrix'!$Q$7), 'Risk Matrix'!$R$7,AND('Risk Matrix'!$P$8 <= Table1[[#This Row],[RSA]], Table1[[#This Row],[RSA]] <= 'Risk Matrix'!$Q$8), 'Risk Matrix'!$R$8,AND('Risk Matrix'!$P$9 <= Table1[[#This Row],[RSA]], Table1[[#This Row],[RSA]] <= 'Risk Matrix'!$Q$9), 'Risk Matrix'!$R$9,AND('Risk Matrix'!$P$10 <= Table1[[#This Row],[RSA]], Table1[[#This Row],[RSA]] <= 'Risk Matrix'!$Q$10), 'Risk Matrix'!$R$10,AND('Risk Matrix'!$P$11 <= Table1[[#This Row],[RSA]], Table1[[#This Row],[RSA]] <= 'Risk Matrix'!$Q$11), 'Risk Matrix'!$R$11,AND('Risk Matrix'!$P$12 <= Table1[[#This Row],[RSA]], Table1[[#This Row],[RSA]] <= 'Risk Matrix'!$Q$12), 'Risk Matrix'!$R$12)} -> High | K23: Install guarding to the left hand side of the rear guard to stop access to the moving parts. All fixings must be tamperproof. LOTO procedures for maintenance and cleaning | L23: Non Elec | N23: 46021 | P23: Engineering Control | Q23: 8 | R23: 1.25 | S23: 0.75 | T23: 3 | U23: =Table1[[#This Row],[DPH2]]*Table1[[#This Row],[LO3]]*Table1[[#This Row],[PA4]]*Table1[[#This Row],[FE5]] -> 22.5 | V23: {=_xlfn.IFS(AND('Risk Matrix'!$P$5 <= Table1[[#This Row],[Residual RSA]], Table1[[#This Row],[Residual RSA]] <= 'Risk Matrix'!$Q$5), 'Risk Matrix'!$R$5,AND('Risk Matrix'!$P$6 <= Table1[[#This Row],[Residual RSA]], Table1[[#This Row],[Residual RSA]] <= 'Risk Matrix'!$Q$6), 'Risk Matrix'!$R$6,AND('Risk Matrix'!$P$7 <= Table1[[#This Row],[Residual RSA]], Table1[[#This Row],[Residual RSA]] <= 'Risk Matrix'!$Q$7), 'Risk Matrix'!$R$7,AND('Risk Matrix'!$P$8 <= Table1[[#This Row],[Residual RSA]], Table1[[#This Row],[Residual RSA]] <= 'Risk Matrix'!$Q$8), 'Risk Matrix'!$R$8,AND('Risk Matrix'!$P$9 <= Table1[[#This Row],[Residual RSA]], Table1[[#This Row],[Residual RSA]] <= 'Risk Matrix'!$Q$9), 'Risk Matrix'!$R$9,AND('Risk Matrix'!$P$10 <= Table1[[#This Row],[Residual RSA]], Table1[[#This Row],[Residual RSA]] <= 'Risk Matrix'!$Q$10), 'Risk Matrix'!$R$10,AND('Risk Matrix'!$P$11 <= Table1[[#This Row],[Residual RSA]], Table1[[#This Row],[Residual RSA]] <= 'Risk Matrix'!$Q$11), 'Risk Matrix'!$R$11,AND('Risk Matrix'!$P$12 <= Table1[[#This Row],[Residual RSA]], Table1[[#This Row],[Residual RSA]] <= 'Risk Matrix'!$Q$12), 'Risk Matrix'!$R$12)} -> Low
A24: RIA 2 | B24: HSW | C24: In Production | D24: At the rear of the machine, above the electrical panel, there is an opening on the right-hand side of the guard that allows personnel to reach into the machine. This lack of protection increases the risk of accidental contact with hazardous components, potentially resulting in injury. | E24: 11 | F24: 4 | G24: 2.5 | H24: 3 | I24: =Table1[[#This Row],[DPH]]*Table1[[#This Row],[LO]]*Table1[[#This Row],[PA]]*Table1[[#This Row],[FE]] -> 330 | J24: {=_xlfn.IFS(AND('Risk Matrix'!$P$5 <= Table1[[#This Row],[RSA]], Table1[[#This Row],[RSA]] <= 'Risk Matrix'!$Q$5), 'Risk Matrix'!$R$5,AND('Risk Matrix'!$P$6 <= Table1[[#This Row],[RSA]], Table1[[#This Row],[RSA]] <= 'Risk Matrix'!$Q$6), 'Risk Matrix'!$R$6,AND('Risk Matrix'!$P$7 <= Table1[[#This Row],[RSA]], Table1[[#This Row],[RSA]] <= 'Risk Matrix'!$Q$7), 'Risk Matrix'!$R$7,AND('Risk Matrix'!$P$8 <= Table1[[#This Row],[RSA]], Table1[[#This Row],[RSA]] <= 'Risk Matrix'!$Q$8), 'Risk Matrix'!$R$8,AND('Risk Matrix'!$P$9 <= Table1[[#This Row],[RSA]], Table1[[#This Row],[RSA]] <= 'Risk Matrix'!$Q$9), 'Risk Matrix'!$R$9,AND('Risk Matrix'!$P$10 <= Table1[[#This Row],[RSA]], Table1[[#This Row],[RSA]] <= 'Risk Matrix'!$Q$10), 'Risk Matrix'!$R$10,AND('Risk Matrix'!$P$11 <= Table1[[#This Row],[RSA]], Table1[[#This Row],[RSA]] <= 'Risk Matrix'!$Q$11), 'Risk Matrix'!$R$11,AND('Risk Matrix'!$P$12 <= Table1[[#This Row],[RSA]], Table1[[#This Row],[RSA]] <= 'Risk Matrix'!$Q$12), 'Risk Matrix'!$R$12)} -> Very High | K24: Install guarding to the right hand side of the rear guard to stop access to the moving parts. All fixings must be tamperproof. LOTO procedures for maintenance and cleaning. | L24: Non Elec | N24: 46021 | P24: Engineering Control | Q24: 11 | R24: 1.25 | S24: 0.75 | T24: 3 | U24: =Table1[[#This Row],[DPH2]]*Table1[[#This Row],[LO3]]*Table1[[#This Row],[PA4]]*Table1[[#This Row],[FE5]] -> 30.9375 | V24: {=_xlfn.IFS(AND('Risk Matrix'!$P$5 <= Table1[[#This Row],[Residual RSA]], Table1[[#This Row],[Residual RSA]] <= 'Risk Matrix'!$Q$5), 'Risk Matrix'!$R$5,AND('Risk Matrix'!$P$6 <= Table1[[#This Row],[Residual RSA]], Table1[[#This Row],[Residual RSA]] <= 'Risk Matrix'!$Q$6), 'Risk Matrix'!$R$6,AND('Risk Matrix'!$P$7 <= Table1[[#This Row],[Residual RSA]], Table1[[#This Row],[Residual RSA]] <= 'Risk Matrix'!$Q$7), 'Risk Matrix'!$R$7,AND('Risk Matrix'!$P$8 <= Table1[[#This Row],[Residual RSA]], Table1[[#This Row],[Residual RSA]] <= 'Risk Matrix'!$Q$8), 'Risk Matrix'!$R$8,AND('Risk Matrix'!$P$9 <= Table1[[#This Row],[Residual RSA]], Table1[[#This Row],[Residual RSA]] <= 'Risk Matrix'!$Q$9), 'Risk Matrix'!$R$9,AND('Risk Matrix'!$P$10 <= Table1[[#This Row],[Residual RSA]], Table1[[#This Row],[Residual RSA]] <= 'Risk Matrix'!$Q$10), 'Risk Matrix'!$R$10,AND('Risk Matrix'!$P$11 <= Table1[[#This Row],[Residual RSA]], Table1[[#This Row],[Residual RSA]] <= 'Risk Matrix'!$Q$11), 'Risk Matrix'!$R$11,AND('Risk Matrix'!$P$12 <= Table1[[#This Row],[Residual RSA]], Table1[[#This Row],[Residual RSA]] <= 'Risk Matrix'!$Q$12), 'Risk Matrix'!$R$12)} -> Low
A25: RIA 2 | B25: HSW | C25: In Production | D25: At the rear of the machine, on the left-hand side of the main guard, there is an opening that allows personnel to reach into the machine. This lack of protection increases the risk of accidental contact with hazardous components, potentially resulting in injury. | E25: 8 | F25: 4 | G25: 0.75 | H25: 3 | I25: =Table1[[#This Row],[DPH]]*Table1[[#This Row],[LO]]*Table1[[#This Row],[PA]]*Table1[[#This Row],[FE]] -> 72 | J25: {=_xlfn.IFS(AND('Risk Matrix'!$P$5 <= Table1[[#This Row],[RSA]], Table1[[#This Row],[RSA]] <= 'Risk Matrix'!$Q$5), 'Risk Matrix'!$R$5,AND('Risk Matrix'!$P$6 <= Table1[[#This Row],[RSA]], Table1[[#This Row],[RSA]] <= 'Risk Matrix'!$Q$6), 'Risk Matrix'!$R$6,AND('Risk Matrix'!$P$7 <= Table1[[#This Row],[RSA]], Table1[[#This Row],[RSA]] <= 'Risk Matrix'!$Q$7), 'Risk Matrix'!$R$7,AND('Risk Matrix'!$P$8 <= Table1[[#This Row],[RSA]], Table1[[#This Row],[RSA]] <= 'Risk Matrix'!$Q$8), 'Risk Matrix'!$R$8,AND('Risk Matrix'!$P$9 <= Table1[[#This Row],[RSA]], Table1[[#This Row],[RSA]] <= 'Risk Matrix'!$Q$9), 'Risk Matrix'!$R$9,AND('Risk Matrix'!$P$10 <= Table1[[#This Row],[RSA]], Table1[[#This Row],[RSA]] <= 'Risk Matrix'!$Q$10), 'Risk Matrix'!$R$10,AND('Risk Matrix'!$P$11 <= Table1[[#This Row],[RSA]], Table1[[#This Row],[RSA]] <= 'Risk Matrix'!$Q$11), 'Risk Matrix'!$R$11,AND('Risk Matrix'!$P$12 <= Table1[[#This Row],[RSA]], Table1[[#This Row],[RSA]] <= 'Risk Matrix'!$Q$12), 'Risk Matrix'!$R$12)} -> Medium | K25: Install guarding to the right hand side of the rear guard to stop access to the moving parts. All fixings must be tamperproof. LOTO procedures for maintenance and cleaning. | L25: Non Elec | N25: 46021 | P25: Engineering Control | Q25: 8 | R25: 1.25 | S25: 0.75 | T25: 3 | U25: =Table1[[#This Row],[DPH2]]*Table1[[#This Row],[LO3]]*Table1[[#This Row],[PA4]]*Table1[[#This Row],[FE5]] -> 22.5 | V25: {=_xlfn.IFS(AND('Risk Matrix'!$P$5 <= Table1[[#This Row],[Residual RSA]], Table1[[#This Row],[Residual RSA]] <= 'Risk Matrix'!$Q$5), 'Risk Matrix'!$R$5,AND('Risk Matrix'!$P$6 <= Table1[[#This Row],[Residual RSA]], Table1[[#This Row],[Residual RSA]] <= 'Risk Matrix'!$Q$6), 'Risk Matrix'!$R$6,AND('Risk Matrix'!$P$7 <= Table1[[#This Row],[Residual RSA]], Table1[[#This Row],[Residual RSA]] <= 'Risk Matrix'!$Q$7), 'Risk Matrix'!$R$7,AND('Risk Matrix'!$P$8 <= Table1[[#This Row],[Residual RSA]], Table1[[#This Row],[Residual RSA]] <= 'Risk Matrix'!$Q$8), 'Risk Matrix'!$R$8,AND('Risk Matrix'!$P$9 <= Table1[[#This Row],[Residual RSA]], Table1[[#This Row],[Residual RSA]] <= 'Risk Matrix'!$Q$9), 'Risk Matrix'!$R$9,AND('Risk Matrix'!$P$10 <= Table1[[#This Row],[Residual RSA]], Table1[[#This Row],[Residual RSA]] <= 'Risk Matrix'!$Q$10), 'Risk Matrix'!$R$10,AND('Risk Matrix'!$P$11 <= Table1[[#This Row],[Residual RSA]], Table1[[#This Row],[Residual RSA]] <= 'Risk Matrix'!$Q$11), 'Risk Matrix'!$R$11,AND('Risk Matrix'!$P$12 <= Table1[[#This Row],[Residual RSA]], Table1[[#This Row],[Residual RSA]] <= 'Risk Matrix'!$Q$12), 'Risk Matrix'!$R$12)} -> Low
A26: RIA 2 | B26: HSW | C26: In Production | D26: The main air supply isolator for the machine is a Lock out / Tag out type (LOTO-type) device, but it is installed behind the machine's guarding. In an emergency, accessing the isolation valve is difficult, potentially increasing the risk of injury to personnel. | E26: 11 | F26: 5 | G26: 2.5 | H26: 3 | I26: =Table1[[#This Row],[DPH]]*Table1[[#This Row],[LO]]*Table1[[#This Row],[PA]]*Table1[[#This Row],[FE]] -> 412.5 | J26: {=_xlfn.IFS(AND('Risk Matrix'!$P$5 <= Table1[[#This Row],[RSA]], Table1[[#This Row],[RSA]] <= 'Risk Matrix'!$Q$5), 'Risk Matrix'!$R$5,AND('Risk Matrix'!$P$6 <= Table1[[#This Row],[RSA]], Table1[[#This Row],[RSA]] <= 'Risk Matrix'!$Q$6), 'Risk Matrix'!$R$6,AND('Risk Matrix'!$P$7 <= Table1[[#This Row],[RSA]], Table1[[#This Row],[RSA]] <= 'Risk Matrix'!$Q$7), 'Risk Matrix'!$R$7,AND('Risk Matrix'!$P$8 <= Table1[[#This Row],[RSA]], Table1[[#This Row],[RSA]] <= 'Risk Matrix'!$Q$8), 'Risk Matrix'!$R$8,AND('Risk Matrix'!$P$9 <= Table1[[#This Row],[RSA]], Table1[[#This Row],[RSA]] <= 'Risk Matrix'!$Q$9), 'Risk Matrix'!$R$9,AND('Risk Matrix'!$P$10 <= Table1[[#This Row],[RSA]], Table1[[#This Row],[RSA]] <= 'Risk Matrix'!$Q$10), 'Risk Matrix'!$R$10,AND('Risk Matrix'!$P$11 <= Table1[[#This Row],[RSA]], Table1[[#This Row],[RSA]] <= 'Risk Matrix'!$Q$11), 'Risk Matrix'!$R$11,AND('Risk Matrix'!$P$12 <= Table1[[#This Row],[RSA]], Table1[[#This Row],[RSA]] <= 'Risk Matrix'!$Q$12), 'Risk Matrix'!$R$12)} -> Very High | K26: Install a distinctly labelled Lockout/Tagout (LOTO) pneumatic isolation valve that vents air externally, positioned outside the guarding (in the hazardous area), to stop unintended air cylinder movement when guards or emergency stops are activated, reducing the risk of injury. Ensure it is located in an easily reachable spot. | L26: Elec | N26: 46021 | P26: Engineering Control | Q26: 11 | R26: 1.25 | S26: 0.75 | T26: 3 | U26: =Table1[[#This Row],[DPH2]]*Table1[[#This Row],[LO3]]*Table1[[#This Row],[PA4]]*Table1[[#This Row],[FE5]] -> 30.9375 | V26: {=_xlfn.IFS(AND('Risk Matrix'!$P$5 <= Table1[[#This Row],[Residual RSA]], Table1[[#This Row],[Residual RSA]] <= 'Risk Matrix'!$Q$5), 'Risk Matrix'!$R$5,AND('Risk Matrix'!$P$6 <= Table1[[#This Row],[Residual RSA]], Table1[[#This Row],[Residual RSA]] <= 'Risk Matrix'!$Q$6), 'Risk Matrix'!$R$6,AND('Risk Matrix'!$P$7 <= Table1[[#This Row],[Residual RSA]], Table1[[#This Row],[Residual RSA]] <= 'Risk Matrix'!$Q$7), 'Risk Matrix'!$R$7,AND('Risk Matrix'!$P$8 <= Table1[[#This Row],[Residual RSA]], Table1[[#This Row],[Residual RSA]] <= 'Risk Matrix'!$Q$8), 'Risk Matrix'!$R$8,AND('Risk Matrix'!$P$9 <= Table1[[#This Row],[Residual RSA]], Table1[[#This Row],[Residual RSA]] <= 'Risk Matrix'!$Q$9), 'Risk Matrix'!$R$9,AND('Risk Matrix'!$P$10 <= Table1[[#This Row],[Residual RSA]], Table1[[#This Row],[Residual RSA]] <= 'Risk Matrix'!$Q$10), 'Risk Matrix'!$R$10,AND('Risk Matrix'!$P$11 <= Table1[[#This Row],[Residual RSA]], Table1[[#This Row],[Residual RSA]] <= 'Risk Matrix'!$Q$11), 'Risk Matrix'!$R$11,AND('Risk Matrix'!$P$12 <= Table1[[#This Row],[Residual RSA]], Table1[[#This Row],[Residual RSA]] <= 'Risk Matrix'!$Q$12), 'Risk Matrix'!$R$12)} -> Low
A27: RIA 2 | B27: HSW | C27: In Production | D27: At the front of the machine, the lower section of the front guard lacks proper guarding. This absence of protection creates an opening through which personnel could inadvertently reach into the machine without being detected. Without adequate safeguarding, there is an increased risk of accidental contact with moving parts or electrical components, potentially leading to serious injury. | E27: 11 | F27: 4 | G27: 2.5 | H27: 3 | I27: =Table1[[#This Row],[DPH]]*Table1[[#This Row],[LO]]*Table1[[#This Row],[PA]]*Table1[[#This Row],[FE]] -> 330 | J27: {=_xlfn.IFS(AND('Risk Matrix'!$P$5 <= Table1[[#This Row],[RSA]], Table1[[#This Row],[RSA]] <= 'Risk Matrix'!$Q$5), 'Risk Matrix'!$R$5,AND('Risk Matrix'!$P$6 <= Table1[[#This Row],[RSA]], Table1[[#This Row],[RSA]] <= 'Risk Matrix'!$Q$6), 'Risk Matrix'!$R$6,AND('Risk Matrix'!$P$7 <= Table1[[#This Row],[RSA]], Table1[[#This Row],[RSA]] <= 'Risk Matrix'!$Q$7), 'Risk Matrix'!$R$7,AND('Risk Matrix'!$P$8 <= Table1[[#This Row],[RSA]], Table1[[#This Row],[RSA]] <= 'Risk Matrix'!$Q$8), 'Risk Matrix'!$R$8,AND('Risk Matrix'!$P$9 <= Table1[[#This Row],[RSA]], Table1[[#This Row],[RSA]] <= 'Risk Matrix'!$Q$9), 'Risk Matrix'!$R$9,AND('Risk Matrix'!$P$10 <= Table1[[#This Row],[RSA]], Table1[[#This Row],[RSA]] <= 'Risk Matrix'!$Q$10), 'Risk Matrix'!$R$10,AND('Risk Matrix'!$P$11 <= Table1[[#This Row],[RSA]], Table1[[#This Row],[RSA]] <= 'Risk Matrix'!$Q$11), 'Risk Matrix'!$R$11,AND('Risk Matrix'!$P$12 <= Table1[[#This Row],[RSA]], Table1[[#This Row],[RSA]] <= 'Risk Matrix'!$Q$12), 'Risk Matrix'!$R$12)} -> Very High | K27: Install guarding to enclose the opening and stop access to the moving parts. LOTO procedures for maintenance and cleaning. | L27: Non Elec | N27: 46021 | P27: Engineering Control | Q27: 11 | R27: 1.25 | S27: 0.75 | T27: 3 | U27: =Table1[[#This Row],[DPH2]]*Table1[[#This Row],[LO3]]*Table1[[#This Row],[PA4]]*Table1[[#This Row],[FE5]] -> 30.9375 | V27: {=_xlfn.IFS(AND('Risk Matrix'!$P$5 <= Table1[[#This Row],[Residual RSA]], Table1[[#This Row],[Residual RSA]] <= 'Risk Matrix'!$Q$5), 'Risk Matrix'!$R$5,AND('Risk Matrix'!$P$6 <= Table1[[#This Row],[Residual RSA]], Table1[[#This Row],[Residual RSA]] <= 'Risk Matrix'!$Q$6), 'Risk Matrix'!$R$6,AND('Risk Matrix'!$P$7 <= Table1[[#This Row],[Residual RSA]], Table1[[#This Row],[Residual RSA]] <= 'Risk Matrix'!$Q$7), 'Risk Matrix'!$R$7,AND('Risk Matrix'!$P$8 <= Table1[[#This Row],[Residual RSA]], Table1[[#This Row],[Residual RSA]] <= 'Risk Matrix'!$Q$8), 'Risk Matrix'!$R$8,AND('Risk Matrix'!$P$9 <= Table1[[#This Row],[Residual RSA]], Table1[[#This Row],[Residual RSA]] <= 'Risk Matrix'!$Q$9), 'Risk Matrix'!$R$9,AND('Risk Matrix'!$P$10 <= Table1[[#This Row],[Residual RSA]], Table1[[#This Row],[Residual RSA]] <= 'Risk Matrix'!$Q$10), 'Risk Matrix'!$R$10,AND('Risk Matrix'!$P$11 <= Table1[[#This Row],[Residual RSA]], Table1[[#This Row],[Residual RSA]] <= 'Risk Matrix'!$Q$11), 'Risk Matrix'!$R$11,AND('Risk Matrix'!$P$12 <= Table1[[#This Row],[Residual RSA]], Table1[[#This Row],[Residual RSA]] <= 'Risk Matrix'!$Q$12), 'Risk Matrix'!$R$12)} -> Low
A28: RIA 2 | B28: HSW | C28: In Production | D28: The green push button mounted on top of the left-hand side guard is not labeled, which could lead to confusion among personnel operating the machine. Without clear identification, operators may be unsure of the button's function, potentially leading to incorrect usage and increasing the risk of operational errors. | E28: 8 | F28: 4 | G28: 2.5 | H28: 3 | I28: =Table1[[#This Row],[DPH]]*Table1[[#This Row],[LO]]*Table1[[#This Row],[PA]]*Table1[[#This Row],[FE]] -> 240 | J28: {=_xlfn.IFS(AND('Risk Matrix'!$P$5 <= Table1[[#This Row],[RSA]], Table1[[#This Row],[RSA]] <= 'Risk Matrix'!$Q$5), 'Risk Matrix'!$R$5,AND('Risk Matrix'!$P$6 <= Table1[[#This Row],[RSA]], Table1[[#This Row],[RSA]] <= 'Risk Matrix'!$Q$6), 'Risk Matrix'!$R$6,AND('Risk Matrix'!$P$7 <= Table1[[#This Row],[RSA]], Table1[[#This Row],[RSA]] <= 'Risk Matrix'!$Q$7), 'Risk Matrix'!$R$7,AND('Risk Matrix'!$P$8 <= Table1[[#This Row],[RSA]], Table1[[#This Row],[RSA]] <= 'Risk Matrix'!$Q$8), 'Risk Matrix'!$R$8,AND('Risk Matrix'!$P$9 <= Table1[[#This Row],[RSA]], Table1[[#This Row],[RSA]] <= 'Risk Matrix'!$Q$9), 'Risk Matrix'!$R$9,AND('Risk Matrix'!$P$10 <= Table1[[#This Row],[RSA]], Table1[[#This Row],[RSA]] <= 'Risk Matrix'!$Q$10), 'Risk Matrix'!$R$10,AND('Risk Matrix'!$P$11 <= Table1[[#This Row],[RSA]], Table1[[#This Row],[RSA]] <= 'Risk Matrix'!$Q$11), 'Risk Matrix'!$R$11,AND('Risk Matrix'!$P$12 <= Table1[[#This Row],[RSA]], Table1[[#This Row],[RSA]] <= 'Risk Matrix'!$Q$12), 'Risk Matrix'!$R$12)} -> High | K28: Install the correct labelling to the push button to stop any confusion. All controls must be clearly identifiable and labelled. | N28: 46021 | P28: Admin Control | Q28: 8 | R28: 0.5 | S28: 0.75 | T28: 3 | U28: =Table1[[#This Row],[DPH2]]*Table1[[#This Row],[LO3]]*Table1[[#This Row],[PA4]]*Table1[[#This Row],[FE5]] -> 9 | V28: {=_xlfn.IFS(AND('Risk Matrix'!$P$5 <= Table1[[#This Row],[Residual RSA]], Table1[[#This Row],[Residual RSA]] <= 'Risk Matrix'!$Q$5), 'Risk Matrix'!$R$5,AND('Risk Matrix'!$P$6 <= Table1[[#This Row],[Residual RSA]], Table1[[#This Row],[Residual RSA]] <= 'Risk Matrix'!$Q$6), 'Risk Matrix'!$R$6,AND('Risk Matrix'!$P$7 <= Table1[[#This Row],[Residual RSA]], Table1[[#This Row],[Residual RSA]] <= 'Risk Matrix'!$Q$7), 'Risk Matrix'!$R$7,AND('Risk Matrix'!$P$8 <= Table1[[#This Row],[Residual RSA]], Table1[[#This Row],[Residual RSA]] <= 'Risk Matrix'!$Q$8), 'Risk Matrix'!$R$8,AND('Risk Matrix'!$P$9 <= Table1[[#This Row],[Residual RSA]], Table1[[#This Row],[Residual RSA]] <= 'Risk Matrix'!$Q$9), 'Risk Matrix'!$R$9,AND('Risk Matrix'!$P$10 <= Table1[[#This Row],[Residual RSA]], Table1[[#This Row],[Residual RSA]] <= 'Risk Matrix'!$Q$10), 'Risk Matrix'!$R$10,AND('Risk Matrix'!$P$11 <= Table1[[#This Row],[Residual RSA]], Table1[[#This Row],[Residual RSA]] <= 'Risk Matrix'!$Q$11), 'Risk Matrix'!$R$11,AND('Risk Matrix'!$P$12 <= Table1[[#This Row],[Residual RSA]], Table1[[#This Row],[Residual RSA]] <= 'Risk Matrix'!$Q$12), 'Risk Matrix'!$R$12)} -> Negligible
A29: RIA 2 | B29: HSW | C29: In Production | D29: At the front of the machine, the right hand side of the front guard lacks proper guarding. This absence of protection creates an opening through which personnel could inadvertently reach into the machine without being detected. Without adequate safeguarding, there is an increased risk of accidental contact with moving parts or electrical components, potentially leading to serious injury. | E29: 11 | F29: 4 | G29: 2.5 | H29: 3 | I29: =Table1[[#This Row],[DPH]]*Table1[[#This Row],[LO]]*Table1[[#This Row],[PA]]*Table1[[#This Row],[FE]] -> 330 | J29: {=_xlfn.IFS(AND('Risk Matrix'!$P$5 <= Table1[[#This Row],[RSA]], Table1[[#This Row],[RSA]] <= 'Risk Matrix'!$Q$5), 'Risk Matrix'!$R$5,AND('Risk Matrix'!$P$6 <= Table1[[#This Row],[RSA]], Table1[[#This Row],[RSA]] <= 'Risk Matrix'!$Q$6), 'Risk Matrix'!$R$6,AND('Risk Matrix'!$P$7 <= Table1[[#This Row],[RSA]], Table1[[#This Row],[RSA]] <= 'Risk Matrix'!$Q$7), 'Risk Matrix'!$R$7,AND('Risk Matrix'!$P$8 <= Table1[[#This Row],[RSA]], Table1[[#This Row],[RSA]] <= 'Risk Matrix'!$Q$8), 'Risk Matrix'!$R$8,AND('Risk Matrix'!$P$9 <= Table1[[#This Row],[RSA]], Table1[[#This Row],[RSA]] <= 'Risk Matrix'!$Q$9), 'Risk Matrix'!$R$9,AND('Risk Matrix'!$P$10 <= Table1[[#This Row],[RSA]], Table1[[#This Row],[RSA]] <= 'Risk Matrix'!$Q$10), 'Risk Matrix'!$R$10,AND('Risk Matrix'!$P$11 <= Table1[[#This Row],[RSA]], Table1[[#This Row],[RSA]] <= 'Risk Matrix'!$Q$11), 'Risk Matrix'!$R$11,AND('Risk Matrix'!$P$12 <= Table1[[#This Row],[RSA]], Table1[[#This Row],[RSA]] <= 'Risk Matrix'!$Q$12), 'Risk Matrix'!$R$12)} -> Very High | K29: Install guarding to enclose the opening and stop access to the moving parts. LOTO procedures for maintenance and cleaning. | L29: Non Elec | N29: 46021 | P29: Engineering Control | Q29: 11 | R29: 0.5 | S29: 0.75 | T29: 3 | U29: =Table1[[#This Row],[DPH2]]*Table1[[#This Row],[LO3]]*Table1[[#This Row],[PA4]]*Table1[[#This Row],[FE5]] -> 12.375 | V29: {=_xlfn.IFS(AND('Risk Matrix'!$P$5 <= Table1[[#This Row],[Residual RSA]], Table1[[#This Row],[Residual RSA]] <= 'Risk Matrix'!$Q$5), 'Risk Matrix'!$R$5,AND('Risk Matrix'!$P$6 <= Table1[[#This Row],[Residual RSA]], Table1[[#This Row],[Residual RSA]] <= 'Risk Matrix'!$Q$6), 'Risk Matrix'!$R$6,AND('Risk Matrix'!$P$7 <= Table1[[#This Row],[Residual RSA]], Table1[[#This Row],[Residual RSA]] <= 'Risk Matrix'!$Q$7), 'Risk Matrix'!$R$7,AND('Risk Matrix'!$P$8 <= Table1[[#This Row],[Residual RSA]], Table1[[#This Row],[Residual RSA]] <= 'Risk Matrix'!$Q$8), 'Risk Matrix'!$R$8,AND('Risk Matrix'!$P$9 <= Table1[[#This Row],[Residual RSA]], Table1[[#This Row],[Residual RSA]] <= 'Risk Matrix'!$Q$9), 'Risk Matrix'!$R$9,AND('Risk Matrix'!$P$10 <= Table1[[#This Row],[Residual RSA]], Table1[[#This Row],[Residual RSA]] <= 'Risk Matrix'!$Q$10), 'Risk Matrix'!$R$10,AND('Risk Matrix'!$P$11 <= Table1[[#This Row],[Residual RSA]], Table1[[#This Row],[Residual RSA]] <= 'Risk Matrix'!$Q$11), 'Risk Matrix'!$R$11,AND('Risk Matrix'!$P$12 <= Table1[[#This Row],[Residual RSA]], Table1[[#This Row],[Residual RSA]] <= 'Risk Matrix'!$Q$12), 'Risk Matrix'!$R$12)} -> Low
